Elapsed Time,Plants Total,Plants Alive,Plants Alive Percent,Plants Avg Age Percent,Plants Mature,Plants Mature Percent,Plants Avg Mutations,Plants Pos Thrive,Plants Pos Thrive Percent,Plants Avg Thrive,Plants Carrying,Plants Carrying Percent,Plants Self-Pollinated,Plants Self-Pollinated Percent,Plants Repro on CD, Plants Repro on CD Percent
0:00:01,1029,1025,0.9961127,0.05468478,1019,0.9941463,0.06341463,519,0.5063415,0.004755543,509,0.4965854,12,0.02357564,8,0.007804878
0:00:02,1029,1025,0.9961127,0.06157134,1019,0.9941463,0.1190244,518,0.5053658,0.004697415,509,0.4965854,12,0.02357564,8,0.007804878
0:00:03,1029,1023,0.9941691,0.06839088,1017,0.9941349,0.1661779,518,0.5063539,0.00668793,509,0.4975562,12,0.02357564,8,0.007820137
0:00:04,1028,1020,0.9922179,0.07514204,1014,0.9941176,0.2156863,517,0.5068628,0.007794807,508,0.4980392,12,0.02362205,8,0.007843138
0:00:05,1029,1007,0.97862,0.08087972,1000,0.9930487,0.2601787,518,0.5143992,0.0142988,501,0.4975174,12,0.0239521,8,0.007944389
0:00:06,1028,1001,0.9737354,0.08753345,994,0.993007,0.3076923,518,0.5174825,0.01672783,496,0.4955045,12,0.02419355,8,0.007992008
0:00:07,1028,997,0.9698443,0.09427237,990,0.9929789,0.3480441,518,0.5195587,0.01835668,495,0.4964895,12,0.02424242,8,0.008024072
0:00:08,1029,995,0.9669582,0.1009051,987,0.9919598,0.4030151,517,0.519598,0.01971889,491,0.4934673,12,0.02443992,9,0.009045226
0:00:09,1029,989,0.9611273,0.1076194,981,0.991911,0.4560162,518,0.5237614,0.02160055,489,0.4944388,12,0.02453988,9,0.009100101
0:00:10,1030,983,0.9543689,0.1143475,974,0.9908444,0.5127162,517,0.525941,0.02342909,485,0.4933876,12,0.02474227,10,0.01017294
0:00:11,1029,981,0.9533527,0.1210342,973,0.9918451,0.5626912,517,0.5270132,0.02398034,486,0.4954129,12,0.02469136,10,0.01019368
0:00:12,1032,980,0.9496124,0.1276911,969,0.9887755,0.6,517,0.527551,0.02490383,482,0.4918367,12,0.02489627,13,0.01326531
0:00:13,1032,977,0.9467054,0.1334606,966,0.988741,0.6468782,517,0.5291709,0.02555756,480,0.4912999,12,0.025,13,0.01330604
0:00:14,1031,975,0.9456838,0.1400558,964,0.988718,0.6902564,517,0.5302564,0.02599068,479,0.491282,12,0.02505219,13,0.01333333
0:00:15,1031,968,0.9388943,0.1468784,957,0.9886364,0.7448347,516,0.5330579,0.02728423,473,0.4886364,12,0.02536998,13,0.01342975
0:00:16,1032,962,0.9321706,0.1536446,950,0.987526,0.7889813,516,0.5363826,0.02812904,466,0.4844075,12,0.02575107,15,0.01559252
0:00:17,1032,954,0.9244186,0.15935,942,0.9874214,0.8375262,516,0.5408805,0.02959646,463,0.4853249,11,0.0237581,15,0.01572327
0:00:18,1033,953,0.9225557,0.1660022,940,0.9863589,0.8782791,518,0.5435467,0.03008449,461,0.4837356,10,0.02169197,16,0.01678909
0:00:19,1035,952,0.9198068,0.1727701,936,0.9831933,0.914916,521,0.5472689,0.03091042,456,0.4789916,10,0.02192982,18,0.01890756
0:00:20,1031,946,0.9175557,0.17944,929,0.9820296,0.9630021,522,0.551797,0.0320062,451,0.4767442,9,0.01995565,18,0.01902748
0:00:21,1032,940,0.9108527,0.185199,922,0.9808511,1.021277,522,0.5553191,0.03304346,445,0.4734043,9,0.02022472,20,0.0212766
0:00:22,1032,935,0.9060078,0.1916799,916,0.9796792,1.055615,522,0.5582888,0.03418191,440,0.4705882,8,0.01818182,23,0.02459893
0:00:23,1033,938,0.9080349,0.1981174,916,0.9765459,1.099147,522,0.5565032,0.03412418,436,0.4648188,8,0.01834862,27,0.02878465
0:00:24,1038,939,0.9046243,0.2045712,911,0.970181,1.15229,527,0.5612354,0.03477667,427,0.4547391,8,0.01873536,33,0.03514377
0:00:25,1035,936,0.9043478,0.210291,907,0.9690171,1.207265,529,0.5651709,0.03532956,424,0.4529915,8,0.01886792,36,0.03846154
0:00:26,1036,942,0.9092664,0.216675,904,0.9596603,1.238853,531,0.5636942,0.03522394,412,0.4373673,8,0.01941748,47,0.04989384
0:00:27,1040,950,0.9134616,0.2226593,903,0.9505263,1.261053,538,0.5663158,0.03617086,402,0.4231579,7,0.01741293,56,0.05894737
0:00:28,1068,977,0.914794,0.2277498,897,0.9181167,1.269191,556,0.5690891,0.03584205,362,0.370522,7,0.01933702,92,0.09416582
0:00:29,1159,1062,0.9163072,0.2308249,893,0.8408663,1.202448,603,0.5677966,0.03644388,258,0.2429378,7,0.02713178,188,0.1770245
0:00:30,1258,1157,0.9197139,0.2338994,885,0.7649093,1.13656,662,0.5721694,0.03447007,137,0.1184097,4,0.02919708,301,0.2601556
0:00:31,1297,1198,0.92367,0.2381767,880,0.7345576,1.146077,688,0.5742905,0.03355946,83,0.06928214,3,0.03614458,351,0.2929883
0:00:32,1321,1222,0.9250568,0.2436106,878,0.7184943,1.162848,701,0.5736498,0.034298,56,0.04582651,2,0.03571429,376,0.3076923
0:00:33,1334,1236,0.9265367,0.24936,876,0.7087379,1.191748,708,0.5728155,0.03376616,40,0.03236246,2,0.05,389,0.3147249
0:00:34,1336,1233,0.9229042,0.2551639,871,0.7064071,1.22871,709,0.5750203,0.03431012,35,0.02838605,2,0.05714286,388,0.3146797
0:00:35,1339,1235,0.9223301,0.2612848,867,0.7020243,1.260729,714,0.5781376,0.03553916,24,0.0194332,1,0.04166667,396,0.3206478
0:00:36,1338,1230,0.9192825,0.267528,863,0.701626,1.312195,717,0.5829268,0.03782661,22,0.01788618,1,0.04545455,396,0.3219512
0:00:37,1332,1227,0.9211712,0.273838,861,0.7017115,1.365118,715,0.5827221,0.03792305,21,0.01711491,1,0.04761905,395,0.3219234
0:00:38,1329,1219,0.917231,0.2800256,854,0.7005742,1.414274,713,0.5849057,0.03926297,22,0.01804758,1,0.04545455,390,0.3199344
0:00:39,1324,1217,0.9191843,0.2861497,852,0.7000822,1.457683,714,0.5866886,0.0394113,20,0.01643385,0,0,391,0.3212819
0:00:41,1317,1213,0.9210327,0.29244,849,0.6999176,1.514427,713,0.5877988,0.0398053,21,0.01731245,0,0,389,0.3206925
0:00:42,1313,1210,0.9215537,0.2986777,844,0.6975207,1.54876,715,0.5909091,0.04017251,17,0.01404959,0,0,388,0.3206612
0:00:43,1312,1206,0.9192073,0.3048053,843,0.6990049,1.592869,719,0.5961857,0.0410585,16,0.013267,0,0,388,0.3217247
0:00:44,1309,1200,0.9167303,0.3109348,838,0.6983333,1.6375,719,0.5991667,0.04186902,17,0.01416667,0,0,384,0.32
0:00:45,1305,1195,0.9157088,0.3171707,832,0.6962343,1.687866,720,0.6025105,0.0423641,18,0.01506276,1,0.05555556,382,0.3196653
0:00:46,1303,1192,0.914812,0.3230809,830,0.6963087,1.735738,719,0.6031879,0.04216885,17,0.01426174,1,0.05882353,379,0.317953
0:00:47,1299,1187,0.9137799,0.3292738,827,0.6967144,1.775063,720,0.6065712,0.04273713,17,0.01432182,1,0.05882353,375,0.3159225
0:00:48,1298,1181,0.9098613,0.3355555,820,0.6943268,1.828959,721,0.6104996,0.04334821,15,0.0127011,1,0.06666667,373,0.315834
0:00:49,1293,1172,0.9064192,0.3412595,813,0.693686,1.887372,721,0.6151877,0.04443912,15,0.01279863,1,0.06666667,367,0.3131399
0:00:50,1285,1169,0.9097276,0.3473184,814,0.6963217,1.934987,720,0.615911,0.04420063,15,0.01283148,1,0.06666667,362,0.3096664
0:00:51,1279,1166,0.9116497,0.3536832,814,0.6981132,1.989708,722,0.619211,0.04525678,18,0.01543739,1,0.05555556,356,0.3053173
0:00:52,1276,1162,0.9106583,0.3598355,818,0.7039587,2.041308,722,0.6213425,0.04584068,24,0.02065405,2,0.08333334,352,0.302926
0:00:53,1272,1163,0.9143082,0.365592,822,0.7067928,2.074806,724,0.622528,0.04589324,26,0.02235598,3,0.1153846,351,0.3018057
0:00:54,1268,1158,0.9132492,0.3716894,823,0.7107081,2.11658,724,0.6252159,0.04610796,28,0.02417962,3,0.1071429,343,0.2962003
0:00:55,1264,1155,0.9137658,0.3773708,828,0.7168831,2.165368,724,0.6268398,0.04635795,32,0.02770563,3,0.09375,336,0.2909091
0:00:56,1263,1149,0.9097387,0.3831378,830,0.7223673,2.208877,724,0.6301131,0.04694536,37,0.03220192,3,0.08108108,329,0.2863359
0:00:57,1256,1144,0.9108281,0.3894929,840,0.7342657,2.255245,722,0.6311189,0.04721896,48,0.04195804,3,0.0625,310,0.270979
0:00:58,1252,1140,0.9105431,0.3956614,858,0.7526316,2.299123,721,0.6324561,0.04731075,71,0.0622807,5,0.07042254,290,0.254386
0:00:59,1251,1137,0.9088729,0.4013114,891,0.7836412,2.342129,718,0.6314864,0.04697812,92,0.08091469,6,0.06521739,262,0.230431
0:01:00,1245,1130,0.9076305,0.4069365,939,0.8309734,2.39469,721,0.6380531,0.04767382,135,0.119469,8,0.05925926,207,0.1831858
0:01:01,1243,1130,0.9090909,0.4126986,990,0.8761062,2.450443,722,0.6389381,0.04827946,191,0.1690266,9,0.04712042,159,0.140708
0:01:02,1241,1124,0.9057212,0.4189541,1015,0.9030249,2.498221,719,0.6396797,0.04813064,223,0.1983986,9,0.04035874,113,0.1005338
0:01:03,1238,1120,0.904685,0.4250598,1040,0.9285714,2.542857,720,0.6428571,0.04857732,256,0.2285714,10,0.0390625,85,0.07589286
0:01:04,1230,1120,0.9105691,0.4313843,1058,0.9446428,2.5875,721,0.64375,0.0481956,275,0.2455357,11,0.04,71,0.06339286
0:01:05,1219,1118,0.9171452,0.4376794,1069,0.9561718,2.642218,719,0.6431127,0.04816462,290,0.2593918,12,0.04137931,60,0.05366726
0:01:06,1212,1114,0.9191419,0.443815,1070,0.9605027,2.679533,719,0.6454219,0.04832484,300,0.2692998,12,0.04,50,0.0448833
0:01:07,1205,1108,0.9195021,0.4494648,1069,0.9648014,2.715704,717,0.6471119,0.04852656,305,0.2752708,12,0.03934426,44,0.03971119
0:01:08,1202,1099,0.9143095,0.4550203,1064,0.9681529,2.762511,716,0.6515014,0.04886116,312,0.2838944,12,0.03846154,42,0.03821656
0:01:09,1203,1099,0.9135495,0.460987,1068,0.9717925,2.808917,718,0.6533212,0.04899046,312,0.2838944,12,0.03846154,43,0.03912648
0:01:10,1198,1099,0.9173623,0.4668682,1068,0.9717925,2.849864,717,0.6524113,0.04892102,312,0.2838944,12,0.03846154,39,0.03548681
0:01:11,1193,1096,0.9186924,0.4724684,1066,0.9726278,2.899635,716,0.6532847,0.04900708,316,0.2883212,12,0.03797468,35,0.03193431
0:01:12,1191,1093,0.9177162,0.4786007,1066,0.9752973,2.94419,717,0.6559927,0.0494299,319,0.2918573,11,0.03448276,31,0.02836231
0:01:13,1183,1087,0.9188504,0.4845157,1061,0.976081,2.985281,716,0.6586937,0.0498868,325,0.298988,12,0.03692308,28,0.02575897
0:01:14,1181,1084,0.9178662,0.4906066,1059,0.9769373,3.035978,717,0.6614391,0.0505379,326,0.300738,12,0.03680982,28,0.02583026
0:01:15,1178,1081,0.917657,0.4964649,1058,0.9787234,3.075856,718,0.6641998,0.05082239,327,0.3024977,12,0.03669725,28,0.02590194
0:01:16,1179,1078,0.9143342,0.502624,1054,0.9777365,3.109462,719,0.6669759,0.05114414,325,0.3014842,10,0.03076923,29,0.02690167
0:01:17,1178,1077,0.9142615,0.5086323,1053,0.9777158,3.158774,720,0.6685237,0.051331,326,0.3026927,10,0.03067485,30,0.02785515
0:01:18,1171,1075,0.9180188,0.5146927,1052,0.9786047,3.210232,721,0.6706977,0.05153989,326,0.3032558,10,0.03067485,31,0.02883721
0:01:19,1166,1073,0.9202402,0.520718,1050,0.9785648,3.260019,722,0.6728798,0.05181358,331,0.3084809,10,0.03021148,29,0.02702703
0:01:20,1161,1073,0.9242033,0.5264058,1048,0.9767008,3.302889,724,0.6747437,0.05196895,328,0.305685,10,0.03048781,32,0.02982293
0:01:21,1158,1072,0.925734,0.5322237,1045,0.9748135,3.35541,724,0.6753731,0.05208013,327,0.3050373,10,0.03058104,33,0.03078358
0:01:22,1160,1074,0.9258621,0.5374555,1044,0.9720671,3.387337,729,0.678771,0.05231763,326,0.3035382,10,0.03067485,36,0.03351955
0:01:23,1162,1077,0.9268503,0.5428277,1042,0.9675023,3.424327,734,0.6815227,0.0527858,321,0.2980501,10,0.03115265,41,0.03806871
0:01:24,1167,1082,0.9271637,0.5476499,1040,0.961183,3.444547,740,0.6839187,0.05313345,315,0.2911275,9,0.02857143,49,0.04528651
0:01:25,1169,1086,0.9289991,0.5528391,1039,0.9567219,3.480663,742,0.6832412,0.05263374,309,0.2845304,8,0.02588997,56,0.05156538
0:01:26,1174,1090,0.9284497,0.5571694,1035,0.9495413,3.504587,750,0.6880734,0.05316502,299,0.2743119,8,0.02675585,67,0.06146789
0:01:27,1185,1103,0.9308017,0.5601583,1033,0.9365367,3.50952,759,0.6881233,0.0531023,285,0.2583862,8,0.02807018,81,0.07343608
0:01:28,1194,1113,0.9321608,0.5640734,1032,0.9272237,3.510332,765,0.6873316,0.05293389,270,0.2425876,8,0.02962963,97,0.08715184
0:01:29,1218,1140,0.9359606,0.5654879,1032,0.9052632,3.473684,783,0.6868421,0.05278131,243,0.2131579,8,0.03292181,125,0.1096491
0:01:30,1238,1158,0.9353796,0.5666625,1031,0.8903282,3.444732,797,0.6882556,0.0535356,225,0.1943005,7,0.03111111,145,0.1252159
0:01:31,1272,1193,0.9378931,0.5667232,1033,0.8658843,3.374686,821,0.688181,0.05214481,184,0.154233,5,0.02717391,188,0.1575859
0:01:32,1296,1217,0.9390432,0.5685331,1030,0.8463435,3.341002,837,0.6877568,0.05100627,158,0.1298274,4,0.02531646,216,0.1774856
0:01:33,1317,1240,0.9415338,0.5706424,1028,0.8290322,3.328226,858,0.6919355,0.05186868,133,0.1072581,4,0.03007519,240,0.1935484
0:01:34,1322,1248,0.9440242,0.5749715,1027,0.8229167,3.346154,863,0.6915064,0.05227531,120,0.09615385,4,0.03333334,253,0.2027244
0:01:35,1329,1255,0.944319,0.5796387,1026,0.8175299,3.373705,870,0.6932271,0.05320793,113,0.09003984,2,0.01769911,264,0.2103586
0:01:36,1334,1262,0.946027,0.5833767,1022,0.8098257,3.394612,873,0.6917591,0.0525412,100,0.0792393,2,0.02,276,0.2187005
0:01:37,1340,1268,0.9462687,0.587441,1019,0.8036278,3.410883,882,0.6955836,0.05259954,89,0.07018927,2,0.02247191,288,0.2271293
0:01:38,1344,1266,0.9419643,0.5913686,1013,0.800158,3.441548,878,0.6935229,0.05224958,83,0.06556083,2,0.02409638,291,0.2298578
0:01:39,1347,1265,0.939124,0.5960699,1009,0.7976285,3.484585,881,0.6964427,0.05288484,78,0.06166008,2,0.02564103,295,0.2332016
0:01:40,1348,1265,0.9384273,0.6006457,1006,0.7952569,3.514625,880,0.6956522,0.05350965,74,0.05849802,2,0.02702703,298,0.2355731
0:01:41,1348,1266,0.9391692,0.6053309,1004,0.793049,3.543444,882,0.6966825,0.05356371,71,0.05608215,1,0.01408451,302,0.2385466
0:01:42,1347,1264,0.9383816,0.6103556,1003,0.7935126,3.575949,885,0.7001582,0.05447601,69,0.05458861,1,0.01449275,306,0.2420886
0:01:43,1348,1263,0.9369436,0.6145986,998,0.7901821,3.612827,885,0.7007126,0.05418817,65,0.05146477,1,0.01538462,311,0.2462391
0:01:44,1351,1265,0.9363434,0.6197963,998,0.7889328,3.657707,885,0.6996047,0.05335208,63,0.04980237,2,0.03174603,314,0.2482213
0:01:45,1350,1263,0.9355556,0.6246442,998,0.7901821,3.692795,887,0.7022961,0.05359815,61,0.0482977,2,0.03278688,316,0.2501979
0:01:46,1347,1261,0.9361544,0.6294742,996,0.7898493,3.733545,885,0.7018239,0.05364974,62,0.04916733,3,0.0483871,315,0.2498017
0:01:47,1346,1258,0.9346211,0.6348578,996,0.7917329,3.775835,885,0.7034976,0.05401513,66,0.05246423,3,0.04545455,315,0.2503974
0:01:48,1346,1257,0.9338782,0.6402457,994,0.7907717,3.812251,884,0.7032617,0.05392577,67,0.05330151,3,0.04477612,315,0.2505967
0:01:49,1346,1253,0.9309064,0.6450874,988,0.7885076,3.844373,884,0.7055068,0.05424847,69,0.05506784,3,0.04347826,311,0.2482043
0:01:50,1345,1250,0.929368,0.6502279,985,0.788,3.884,883,0.7064,0.05440448,69,0.0552,3,0.04347826,311,0.2488
0:01:51,1342,1250,0.9314456,0.6557121,987,0.7896,3.9336,882,0.7056,0.05407855,73,0.0584,3,0.04109589,309,0.2472
0:01:52,1339,1248,0.9320388,0.6607121,985,0.7892628,3.98157,880,0.7051282,0.0540713,79,0.06330128,2,0.02531646,303,0.2427885
0:01:53,1340,1243,0.9276119,0.6650375,987,0.7940466,4.023331,880,0.7079646,0.05413211,87,0.06999195,2,0.02298851,296,0.2381335
0:01:54,1339,1242,0.9275579,0.6700456,990,0.7971014,4.053945,881,0.7093398,0.05427156,92,0.07407407,2,0.02173913,294,0.236715
0:01:55,1333,1240,0.9302326,0.6755643,995,0.8024194,4.106452,882,0.7112903,0.05454083,105,0.08467742,2,0.01904762,283,0.2282258
0:01:56,1336,1238,0.9266467,0.6804723,1003,0.8101777,4.132472,884,0.7140549,0.0547632,117,0.09450727,2,0.01709402,273,0.220517
0:01:57,1334,1233,0.9242879,0.6851381,1008,0.8175182,4.177616,882,0.7153285,0.05550601,132,0.107056,2,0.01515152,259,0.2100568
0:01:58,1334,1232,0.9235382,0.690489,1022,0.8295454,4.218344,881,0.7150974,0.0553757,150,0.1217532,3,0.02,245,0.1988636
0:01:59,1331,1229,0.9233659,0.6953583,1040,0.8462164,4.262002,878,0.714402,0.05531918,173,0.1407648,6,0.03468208,223,0.1814483
0:02:00,1330,1227,0.9225564,0.6997328,1048,0.8541157,4.297473,879,0.7163814,0.05548874,201,0.1638142,7,0.03482587,201,0.1638142
0:02:01,1330,1228,0.9233083,0.7041463,1071,0.8721498,4.326547,879,0.715798,0.05568092,229,0.1864821,7,0.03056769,179,0.1457655
0:02:02,1331,1228,0.9226146,0.7081621,1091,0.8884365,4.344462,881,0.7174267,0.05568705,253,0.2060261,9,0.03557312,157,0.1278502
0:02:03,1333,1227,0.9204801,0.7131141,1101,0.8973105,4.387123,885,0.7212714,0.05620853,277,0.2257539,8,0.02888087,138,0.1124694
0:02:04,1330,1224,0.9203007,0.7184853,1116,0.9117647,4.446078,886,0.7238562,0.05663083,299,0.244281,9,0.03010033,124,0.1013072
0:02:05,1328,1224,0.9216868,0.7222698,1121,0.9158497,4.464052,887,0.7246732,0.0564837,313,0.2557189,10,0.03194888,119,0.09722222
0:02:06,1325,1221,0.9215094,0.7271571,1126,0.9221949,4.517609,886,0.7256348,0.05669232,329,0.2694513,11,0.03343465,108,0.08845209
0:02:07,1323,1219,0.9213908,0.7323801,1130,0.9269893,4.557834,885,0.7260049,0.05651721,341,0.2797375,11,0.03225806,98,0.08039377
0:02:08,1322,1219,0.9220877,0.736769,1132,0.9286301,4.589007,885,0.7260049,0.0564367,352,0.2887613,10,0.02840909,93,0.07629205
0:02:09,1320,1212,0.9181818,0.7414423,1133,0.9348185,4.628713,882,0.7277228,0.05684235,361,0.2978548,10,0.02770083,87,0.07178218
0:02:10,1314,1206,0.9178082,0.7459895,1131,0.937811,4.670813,878,0.7280265,0.05609436,371,0.3076285,10,0.02695418,81,0.06716418
0:02:11,1312,1203,0.9169207,0.7504646,1130,0.9393184,4.715711,877,0.7290108,0.05614258,380,0.315877,11,0.02894737,76,0.0631754
0:02:12,1311,1202,0.9168574,0.7549403,1132,0.9417637,4.74792,878,0.7304493,0.05605133,385,0.3202995,11,0.02857143,74,0.06156406
0:02:13,1310,1196,0.9129771,0.7585406,1128,0.9431438,4.778428,872,0.729097,0.05576589,386,0.3227425,11,0.02849741,71,0.05936455
0:02:14,1309,1193,0.9113827,0.7631176,1127,0.9446773,4.823135,871,0.7300922,0.05575338,389,0.3260687,11,0.02827764,69,0.05783739
0:02:15,1306,1190,0.9111792,0.7676511,1126,0.9462185,4.857983,872,0.7327731,0.05601579,391,0.3285714,11,0.02813299,69,0.05798319
0:02:16,1300,1181,0.9084615,0.7703846,1117,0.9458086,4.887383,862,0.7298899,0.05533623,389,0.3293819,11,0.02827764,67,0.05673158
0:02:17,1297,1174,0.9051658,0.7735897,1109,0.9446337,4.910562,857,0.729983,0.05543191,387,0.3296422,11,0.02842377,68,0.05792164
0:02:18,1289,1172,0.909232,0.7779139,1110,0.947099,4.959898,853,0.7278157,0.05519445,386,0.3293515,11,0.02849741,69,0.05887372
0:02:19,1291,1169,0.9054996,0.7803525,1103,0.9435415,4.970915,851,0.7279726,0.05500721,382,0.326775,11,0.02879581,71,0.06073567
0:02:20,1292,1162,0.8993808,0.7828985,1093,0.9406196,4.987091,849,0.7306368,0.05541123,374,0.3218589,11,0.02941176,74,0.0636833
0:02:21,1291,1154,0.8938807,0.7852864,1082,0.9376083,5.005199,842,0.7296361,0.05567596,369,0.3197574,11,0.0298103,79,0.06845754
0:02:22,1300,1155,0.8884615,0.784776,1068,0.9246753,4.965368,842,0.7290043,0.05493176,348,0.3012987,11,0.0316092,95,0.08225108
0:02:23,1300,1144,0.88,0.7857727,1056,0.9230769,4.958916,832,0.7272727,0.05385402,344,0.3006993,11,0.03197674,95,0.08304196
0:02:24,1304,1131,0.8673313,0.7859054,1038,0.9177719,4.933687,822,0.7267904,0.05389631,332,0.2935455,11,0.03313253,99,0.08753315
0:02:25,1307,1114,0.8523336,0.78465,1014,0.9102334,4.869838,801,0.7190305,0.05319271,321,0.2881508,12,0.03738318,103,0.0924596
0:02:26,1307,1088,0.8324407,0.7824191,984,0.9044118,4.85386,782,0.71875,0.05357486,311,0.2858456,11,0.03536978,108,0.0992647
0:02:27,1322,1073,0.811649,0.7773967,954,0.889096,4.756757,768,0.7157502,0.05350675,288,0.2684063,11,0.03819444,122,0.1136999
0:02:28,1336,1060,0.7934132,0.7724911,927,0.8745283,4.681132,758,0.7150943,0.05343083,266,0.2509434,10,0.03759398,137,0.1292453
0:02:29,1346,1033,0.7674592,0.764904,889,0.8606002,4.57212,742,0.7182962,0.05511428,251,0.2429816,7,0.02788845,143,0.1384318
0:02:30,1360,1009,0.7419118,0.7526028,847,0.839445,4.415263,719,0.7125867,0.05520024,213,0.2111001,7,0.03286385,161,0.1595639
0:02:31,1375,985,0.7163636,0.7414016,806,0.8182741,4.267005,701,0.7116751,0.0556069,186,0.1888325,5,0.02688172,174,0.1766497
0:02:32,1389,962,0.6925846,0.7309568,768,0.7983368,4.110187,685,0.7120582,0.05550341,162,0.1683992,5,0.0308642,182,0.1891892
0:02:33,1405,954,0.6790035,0.7240628,743,0.778826,3.981132,675,0.7075472,0.05550281,141,0.1477987,4,0.02836879,200,0.2096436
0:02:34,1413,939,0.6645435,0.7184438,717,0.7635783,3.902023,659,0.7018104,0.05511481,127,0.1352503,2,0.01574803,210,0.2236422
0:02:35,1416,922,0.65113,0.7136003,697,0.7559653,3.827549,644,0.6984816,0.05325071,118,0.1279826,3,0.02542373,213,0.2310195
0:02:36,1422,906,0.6371308,0.7072974,672,0.7417219,3.747241,631,0.696468,0.05280144,104,0.1147903,3,0.02884615,218,0.2406181
0:02:37,1417,889,0.6273818,0.704037,652,0.7334083,3.663667,620,0.6974128,0.05294477,99,0.1113611,3,0.03030303,217,0.2440945
0:02:38,1415,881,0.6226149,0.7037954,641,0.7275823,3.604994,618,0.7014756,0.05308605,92,0.1044268,3,0.0326087,219,0.2485812
0:02:39,1411,881,0.6243799,0.7057192,637,0.723042,3.618615,616,0.6992055,0.0527809,89,0.1010216,3,0.03370786,221,0.2508513
0:02:40,1402,869,0.6198288,0.706606,627,0.721519,3.654776,610,0.7019563,0.05406209,85,0.09781358,2,0.02352941,220,0.2531646
0:02:41,1396,860,0.6160458,0.705576,613,0.7127907,3.610465,604,0.7023256,0.05358639,77,0.08953489,3,0.03896104,222,0.2581395
0:02:42,1394,852,0.6111908,0.7041515,601,0.705399,3.573944,597,0.7007042,0.05316075,71,0.08333334,3,0.04225352,223,0.2617371
0:02:43,1387,849,0.6121125,0.7058111,595,0.7008245,3.583039,596,0.7020023,0.05291063,69,0.08127209,3,0.04347826,225,0.2650177
0:02:45,1372,846,0.6166181,0.7060668,588,0.6950355,3.592199,594,0.7021276,0.05389413,67,0.07919621,3,0.04477612,227,0.2683215
0:02:46,1352,842,0.622781,0.7089393,585,0.6947743,3.617577,592,0.7030879,0.05486862,67,0.07957245,3,0.04477612,227,0.2695962
0:02:47,1330,838,0.6300752,0.7097082,582,0.6945108,3.609785,588,0.7016706,0.05480339,65,0.07756563,2,0.03076923,226,0.2696897
0:02:48,1303,839,0.6438987,0.7122614,583,0.6948748,3.634088,590,0.7032181,0.05489824,65,0.07747319,2,0.03076923,230,0.2741359
0:02:49,1274,835,0.655416,0.7148075,579,0.6934132,3.651497,588,0.7041916,0.0551693,66,0.07904191,2,0.03030303,223,0.2670659
0:02:50,1250,831,0.6648,0.7171333,578,0.6955475,3.688327,586,0.7051745,0.05533616,66,0.07942238,2,0.03030303,224,0.2695548
0:02:51,1226,825,0.67292,0.7205353,579,0.7018182,3.717576,584,0.7078788,0.05592827,65,0.07878788,2,0.03076923,222,0.2690909
0:02:52,1183,818,0.6914624,0.7229763,577,0.7053789,3.749389,578,0.7066014,0.05619729,73,0.08924206,2,0.02739726,216,0.2640587
0:02:53,1151,807,0.7011294,0.7233331,577,0.7149938,3.77943,572,0.708798,0.05694606,79,0.09789343,4,0.05063291,209,0.2589839
0:02:54,1113,800,0.7187781,0.7231728,571,0.71375,3.74625,565,0.70625,0.05705702,76,0.095,4,0.05263158,206,0.2575
0:02:55,1086,791,0.728361,0.724221,569,0.7193426,3.788875,556,0.7029077,0.0570061,83,0.1049305,4,0.04819277,193,0.2439949
0:02:56,1063,783,0.7365946,0.7248188,567,0.7241379,3.789272,551,0.7037037,0.05683937,91,0.1162197,4,0.04395605,186,0.2375479
0:02:57,1034,777,0.7514507,0.7265283,573,0.7374517,3.801802,547,0.7039897,0.05734409,100,0.1287001,4,0.04,179,0.2303732
0:02:58,1012,762,0.7529644,0.7248363,569,0.7467192,3.751969,541,0.7099738,0.05856512,105,0.1377953,4,0.03809524,169,0.2217848
0:02:59,1001,748,0.7472528,0.7240815,572,0.7647059,3.731283,531,0.709893,0.05868841,116,0.1550802,5,0.04310345,158,0.21123
0:03:00,989,732,0.7401416,0.7216194,573,0.7827869,3.677596,521,0.7117487,0.05958045,130,0.1775956,7,0.05384615,148,0.2021858
0:03:01,979,709,0.7242084,0.7159926,559,0.7884344,3.5811,502,0.7080395,0.05930411,140,0.1974612,7,0.05,132,0.1861777
0:03:02,965,695,0.7202073,0.7126151,563,0.8100719,3.559712,494,0.7107913,0.06022809,155,0.2230216,8,0.0516129,124,0.1784173
0:03:03,948,675,0.7120253,0.7087349,558,0.8266667,3.50963,476,0.7051852,0.05844404,161,0.2385185,8,0.04968944,111,0.1644444
0:03:04,938,668,0.7121535,0.7085241,562,0.8413174,3.480539,471,0.7050898,0.05887283,174,0.260479,10,0.05747126,101,0.1511976
0:03:05,926,660,0.712743,0.7075399,565,0.8560606,3.448485,464,0.7030303,0.05926537,182,0.2757576,11,0.06043956,84,0.1272727
0:03:06,923,654,0.708559,0.7056397,563,0.8608563,3.417431,459,0.7018349,0.05957105,188,0.2874618,11,0.05851064,77,0.117737
0:03:07,914,641,0.7013129,0.704461,555,0.8658347,3.404056,450,0.7020281,0.05933381,190,0.2964118,12,0.06315789,69,0.1076443
0:03:08,910,637,0.7,0.7059302,553,0.8681319,3.422292,446,0.700157,0.05925296,190,0.2982731,11,0.05789474,67,0.1051805
0:03:09,908,637,0.7015418,0.7086055,556,0.8728414,3.456829,446,0.700157,0.05891928,199,0.3124019,11,0.05527638,63,0.0989011
0:03:10,897,627,0.6989967,0.7076263,550,0.877193,3.464115,440,0.7017544,0.05835022,202,0.3221691,11,0.05445544,61,0.09728868
0:03:11,890,626,0.7033708,0.7099451,554,0.884984,3.496805,437,0.698083,0.05787333,207,0.3306709,13,0.06280193,60,0.09584665
0:03:12,881,618,0.7014756,0.7107953,547,0.8851132,3.503236,431,0.697411,0.05830005,205,0.3317152,14,0.06829268,58,0.09385113
0:03:13,876,616,0.7031963,0.7116523,547,0.887987,3.537338,429,0.6964286,0.05797534,212,0.3441558,14,0.06603774,51,0.08279221
0:03:14,872,617,0.7075688,0.7130207,548,0.8881686,3.564019,429,0.6952999,0.05685909,211,0.3419773,14,0.06635071,53,0.08589952
0:03:15,870,615,0.7068965,0.7143325,546,0.8878049,3.554471,429,0.697561,0.05717211,213,0.3463415,15,0.07042254,53,0.08617886
0:03:16,863,617,0.7149479,0.7174801,550,0.8914101,3.598055,430,0.6969206,0.05717659,214,0.3468395,16,0.07476635,51,0.08265802
0:03:17,855,617,0.7216374,0.7197372,555,0.8995138,3.638574,428,0.6936791,0.05661272,218,0.3533225,17,0.07798165,51,0.08265802
0:03:18,852,618,0.7253521,0.7225393,558,0.9029126,3.674757,432,0.6990291,0.05692173,216,0.3495146,17,0.0787037,51,0.08252427
0:03:19,841,617,0.7336504,0.726092,557,0.9027553,3.682334,433,0.7017828,0.05816352,215,0.3484603,17,0.07906977,52,0.08427877
0:03:20,832,618,0.7427884,0.7277698,554,0.8964401,3.686084,433,0.7006472,0.05792163,213,0.3446602,17,0.07981221,53,0.08576052
0:03:21,819,619,0.7557998,0.7311445,552,0.8917609,3.704362,436,0.7043619,0.05917209,209,0.3376414,17,0.08133971,56,0.0904685
0:03:22,809,619,0.7651421,0.7337431,550,0.8885299,3.71244,434,0.7011309,0.05910401,206,0.3327948,16,0.0776699,58,0.09369951
0:03:23,791,625,0.7901391,0.7357495,553,0.8848,3.7088,435,0.696,0.05821423,202,0.3232,15,0.07425743,63,0.1008
0:03:24,773,624,0.8072445,0.7381839,551,0.8830128,3.75,434,0.6955128,0.05799349,202,0.323718,16,0.07920792,64,0.1025641
0:03:25,766,624,0.8146214,0.7403321,548,0.8782051,3.766026,438,0.7019231,0.05826404,195,0.3125,16,0.08205128,70,0.1121795
0:03:26,762,628,0.824147,0.7421654,547,0.8710191,3.775478,442,0.7038217,0.05842721,190,0.3025478,15,0.07894737,78,0.1242038
0:03:27,763,640,0.8387942,0.7423914,548,0.85625,3.742188,451,0.7046875,0.05943818,180,0.28125,15,0.08333334,88,0.1375
0:03:28,760,640,0.8421053,0.7453166,547,0.8546875,3.764062,452,0.70625,0.05959867,176,0.275,15,0.08522727,92,0.14375
0:03:29,764,648,0.8481675,0.7447941,546,0.8425926,3.736111,457,0.7052469,0.0599005,164,0.2530864,14,0.08536585,105,0.162037
0:03:30,777,663,0.8532819,0.7432576,547,0.8250377,3.683258,469,0.7073907,0.06085327,148,0.2232278,11,0.07432432,122,0.1840121
0:03:31,771,665,0.8625162,0.7447035,544,0.8180451,3.696241,472,0.7097744,0.06063504,143,0.2150376,11,0.07692308,125,0.1879699
0:03:32,774,672,0.8682171,0.7450942,544,0.8095238,3.690476,477,0.7098214,0.06056035,131,0.1949405,11,0.08396947,136,0.202381
0:03:33,775,681,0.8787097,0.7457511,545,0.8002937,3.678414,485,0.7121879,0.06058655,119,0.174743,11,0.09243698,148,0.2173275
0:03:34,783,688,0.8786718,0.7459922,543,0.7892442,3.643895,490,0.7122093,0.06119966,111,0.1613372,11,0.0990991,157,0.2281977
0:03:35,786,691,0.8791348,0.7476658,543,0.7858177,3.655572,494,0.7149059,0.0617016,110,0.1591896,11,0.1,161,0.2329957
0:03:36,789,698,0.8846641,0.7493047,546,0.782235,3.674785,497,0.7120344,0.06132587,103,0.1475645,10,0.09708738,167,0.239255
0:03:37,790,702,0.8886076,0.7512459,546,0.7777778,3.67094,499,0.7108262,0.0613692,100,0.1424501,10,0.1,170,0.2421652
0:03:38,798,711,0.8909774,0.7508627,545,0.766526,3.64135,505,0.7102672,0.06121573,89,0.1251758,10,0.1123596,179,0.2517581
0:03:39,797,713,0.8946047,0.7518039,546,0.7657784,3.643759,507,0.71108,0.06070057,90,0.1262272,10,0.1111111,179,0.2510519
0:03:40,798,710,0.8897243,0.7529801,542,0.7633803,3.652113,503,0.7084507,0.05996461,88,0.1239437,10,0.1136364,178,0.2507042
0:03:41,799,712,0.8911139,0.755266,546,0.7668539,3.675562,505,0.7092696,0.0595961,90,0.1264045,10,0.1111111,182,0.255618
0:03:42,800,712,0.89,0.7568993,543,0.7626405,3.716292,507,0.7120786,0.05936686,85,0.119382,10,0.1176471,186,0.261236
0:03:43,801,713,0.8901373,0.7575973,540,0.7573633,3.712482,506,0.7096774,0.0589746,83,0.1164095,11,0.1325301,187,0.2622721
0:03:44,802,715,0.8915212,0.7574291,538,0.7524475,3.706294,505,0.7062937,0.05858128,78,0.1090909,10,0.1282051,195,0.2727273
0:03:45,801,717,0.8951311,0.7596181,539,0.7517434,3.747559,507,0.707113,0.05862248,80,0.111576,9,0.1125,192,0.2677824
0:03:46,801,715,0.8926342,0.7626123,538,0.7524475,3.808392,506,0.7076923,0.05935773,81,0.1132867,8,0.09876543,191,0.2671329
0:03:47,804,715,0.8893035,0.762656,533,0.7454545,3.797203,505,0.7062937,0.05849541,77,0.1076923,8,0.1038961,194,0.2713287
0:03:48,809,712,0.8800989,0.7631937,527,0.7401685,3.76545,505,0.7092696,0.05886619,75,0.1053371,7,0.09333333,196,0.2752809
0:03:49,807,711,0.8810409,0.7660897,529,0.7440225,3.812939,502,0.7060478,0.05839104,79,0.1111111,8,0.1012658,193,0.2714487
0:03:50,803,709,0.882939,0.7687024,530,0.7475317,3.843441,501,0.706629,0.05848482,82,0.1156559,8,0.09756097,191,0.2693935
0:03:51,802,705,0.8790523,0.7713218,529,0.7503546,3.902128,500,0.7092199,0.05877158,86,0.1219858,8,0.09302326,187,0.2652482
0:03:52,802,696,0.8678304,0.7714624,524,0.7528735,3.920977,499,0.7169541,0.05889462,89,0.1278736,6,0.06741573,181,0.2600575
0:03:53,797,694,0.8707654,0.7733785,523,0.7536023,3.948127,496,0.7146974,0.05847398,93,0.1340058,7,0.07526882,175,0.2521614
0:03:54,796,689,0.8655779,0.7743984,522,0.7576197,3.960813,492,0.7140784,0.05869092,97,0.1407837,8,0.08247422,169,0.245283
0:03:55,795,686,0.8628931,0.7747902,522,0.7609329,3.957726,488,0.7113703,0.05769232,101,0.1472303,8,0.07920792,166,0.2419825
0:03:56,795,681,0.8566038,0.7754442,522,0.7665198,3.960352,484,0.7107195,0.057952,112,0.164464,7,0.0625,154,0.226138
0:03:57,793,670,0.8448928,0.7755875,514,0.7671642,3.940299,477,0.7119403,0.05829205,118,0.1761194,7,0.05932203,143,0.2134328
0:03:58,794,668,0.8413098,0.7764659,517,0.7739521,3.943114,477,0.7140719,0.05879719,126,0.1886228,9,0.07142857,138,0.2065868
0:03:59,794,659,0.8299748,0.7771888,522,0.7921093,3.949924,469,0.7116843,0.05893281,135,0.2048558,9,0.06666667,127,0.1927162
0:04:00,794,650,0.8186398,0.7761399,525,0.8076923,3.927692,462,0.7107692,0.05876998,147,0.2261539,9,0.06122449,117,0.18
0:04:01,797,640,0.8030113,0.7727977,520,0.8125,3.875,456,0.7125,0.06010072,151,0.2359375,10,0.06622516,108,0.16875
0:04:02,796,632,0.7939699,0.7726437,515,0.8148734,3.901899,451,0.7136076,0.06069323,157,0.2484177,11,0.0700637,102,0.1613924
0:04:03,795,620,0.7798742,0.7721742,511,0.8241935,3.869355,443,0.7145161,0.06012901,166,0.2677419,11,0.06626506,92,0.1483871
0:04:04,792,617,0.7790404,0.7724524,513,0.8314425,3.878444,442,0.7163695,0.06059471,176,0.2852512,10,0.05681818,84,0.1361426
0:04:05,788,612,0.7766498,0.7724991,516,0.8431373,3.888889,440,0.7189543,0.06035612,182,0.2973856,10,0.05494506,82,0.1339869
0:04:06,786,604,0.7684478,0.7717262,511,0.8460265,3.899007,435,0.7201987,0.06088853,185,0.3062914,12,0.06486487,75,0.1241722
0:04:07,784,597,0.7614796,0.7726707,511,0.8559464,3.921273,431,0.721943,0.0617912,190,0.318258,12,0.06315789,75,0.1256281
0:04:08,783,592,0.7560664,0.7711397,508,0.8581081,3.871622,425,0.7179054,0.06244503,190,0.3209459,14,0.07368421,72,0.1216216
0:04:09,778,584,0.7506427,0.7693073,503,0.8613014,3.809932,421,0.7208904,0.06319928,193,0.3304794,15,0.07772021,68,0.1164384
0:04:10,778,576,0.7403599,0.7687331,498,0.8645833,3.769097,413,0.7170139,0.06235706,194,0.3368056,15,0.07731958,64,0.1111111
0:04:11,776,570,0.7345361,0.7681624,496,0.8701754,3.726316,408,0.7157895,0.06148098,192,0.3368421,15,0.078125,64,0.1122807
0:04:12,772,564,0.73057,0.7680386,492,0.8723404,3.702128,402,0.7127659,0.0606351,192,0.3404255,16,0.08333334,59,0.1046099
0:04:13,773,564,0.7296249,0.7696844,493,0.8741135,3.696809,404,0.7163121,0.06088755,198,0.3510638,15,0.07575758,58,0.1028369
0:04:14,771,565,0.7328146,0.7715467,497,0.879646,3.730973,405,0.7168142,0.06099668,201,0.3557522,15,0.07462686,60,0.1061947
0:04:15,771,564,0.7315175,0.7723895,497,0.8812057,3.735816,406,0.7198582,0.06228077,202,0.358156,16,0.07920792,60,0.106383
0:04:16,761,564,0.7411301,0.7743167,495,0.8776596,3.75,407,0.7216312,0.06259976,200,0.3546099,16,0.08,62,0.1099291
0:04:17,759,563,0.7417655,0.7748702,493,0.8756661,3.744227,407,0.722913,0.06281512,195,0.3463588,16,0.08205128,62,0.1101243
0:04:18,756,566,0.7486773,0.7752848,496,0.8763251,3.745583,411,0.7261484,0.0630101,193,0.3409894,16,0.08290155,65,0.114841
0:04:19,750,566,0.7546667,0.776975,494,0.8727915,3.773852,412,0.7279152,0.06309703,193,0.3409894,16,0.08290155,62,0.1095406
0:04:20,743,564,0.7590848,0.777716,490,0.8687943,3.748227,412,0.7304965,0.06301656,192,0.3404255,16,0.08333334,64,0.1134752
0:04:21,739,570,0.7713126,0.7790486,491,0.8614035,3.740351,416,0.7298245,0.06349762,189,0.3315789,17,0.08994709,68,0.1192982
0:04:22,739,571,0.7726657,0.7784614,487,0.8528897,3.735552,417,0.7302977,0.06443645,183,0.3204904,18,0.09836066,73,0.1278459
0:04:23,727,573,0.7881706,0.7797015,486,0.8481675,3.731239,420,0.7329843,0.06501517,179,0.3123909,15,0.08379889,76,0.1326353
0:04:24,730,580,0.7945206,0.7794737,486,0.837931,3.724138,428,0.737931,0.06603883,173,0.2982759,15,0.0867052,85,0.1465517
0:04:25,724,582,0.8038674,0.7810311,484,0.8316151,3.742268,428,0.7353952,0.06574997,171,0.2938144,15,0.0877193,87,0.1494845
0:04:26,720,584,0.8111111,0.7820297,484,0.8287671,3.729452,432,0.739726,0.06677967,167,0.2859589,15,0.08982036,92,0.1575342
0:04:27,717,584,0.8145049,0.783256,481,0.8236302,3.724315,435,0.744863,0.06738858,159,0.2722603,15,0.09433962,99,0.1695205
0:04:28,719,589,0.8191933,0.7823619,479,0.8132428,3.699491,438,0.7436333,0.06701046,151,0.2563667,14,0.09271523,106,0.179966
0:04:29,715,595,0.8321678,0.7825704,478,0.8033614,3.677311,442,0.7428572,0.06654687,141,0.2369748,14,0.09929078,114,0.1915966
0:04:30,714,596,0.8347339,0.7822888,474,0.795302,3.654362,447,0.75,0.06693489,137,0.2298658,13,0.09489051,119,0.1996644
0:04:31,721,608,0.8432732,0.7813336,473,0.7779605,3.608553,457,0.7516447,0.06759884,120,0.1973684,12,0.1,136,0.2236842
0:04:32,719,613,0.852573,0.782365,474,0.7732463,3.624796,462,0.7536705,0.06836803,118,0.1924959,12,0.1016949,139,0.2267537
0:04:33,721,621,0.8613037,0.7826062,476,0.7665057,3.607085,470,0.7568438,0.06969474,112,0.1803543,13,0.1160714,148,0.2383253
0:04:34,720,620,0.8611111,0.7831263,475,0.766129,3.603226,468,0.7548387,0.06978162,111,0.1790323,13,0.1171171,149,0.2403226
0:04:35,720,623,0.8652778,0.7844952,475,0.7624398,3.611557,471,0.7560192,0.06935369,109,0.1749599,12,0.1100917,154,0.247191
0:04:36,723,629,0.8699862,0.7853608,474,0.7535771,3.599364,473,0.7519873,0.06853414,103,0.163752,13,0.1262136,160,0.254372
0:04:37,727,629,0.8651994,0.7857586,473,0.7519873,3.591415,470,0.7472178,0.06731446,102,0.1621622,13,0.127451,165,0.2623211
0:04:38,730,632,0.8657534,0.7863522,471,0.7452531,3.582278,470,0.7436709,0.06774094,99,0.1566456,12,0.1212121,166,0.2626582
0:04:39,731,631,0.8632011,0.786347,469,0.7432647,3.578447,472,0.748019,0.06593924,97,0.1537243,12,0.1237113,168,0.2662441
0:04:41,729,630,0.8641976,0.7877079,467,0.7412698,3.614286,470,0.7460318,0.06601964,94,0.1492064,12,0.1276596,171,0.2714286
0:04:42,728,629,0.864011,0.7891164,464,0.7376788,3.621622,470,0.7472178,0.06621496,98,0.1558029,13,0.1326531,167,0.2655008
0:04:43,732,629,0.8592896,0.79004,462,0.7344992,3.63434,470,0.7472178,0.0666279,94,0.1494436,13,0.1382979,171,0.2718601
0:04:44,732,629,0.8592896,0.7919837,465,0.7392687,3.675676,470,0.7472178,0.06738892,95,0.1510334,13,0.1368421,173,0.2750397
0:04:45,734,632,0.8610354,0.7933233,470,0.7436709,3.685127,471,0.7452531,0.06701517,95,0.1503165,13,0.1368421,176,0.278481
0:04:46,738,634,0.8590786,0.7939411,469,0.7397476,3.694006,472,0.7444795,0.0668768,93,0.1466877,13,0.1397849,177,0.2791798
0:04:47,734,632,0.8610354,0.795486,468,0.7405064,3.693038,470,0.7436709,0.06683008,94,0.1487342,15,0.1595745,175,0.2768987
0:04:48,731,632,0.8645691,0.7975026,469,0.7420886,3.745253,467,0.738924,0.06577861,99,0.1566456,15,0.1515152,169,0.2674051
0:04:49,728,629,0.864011,0.7988299,471,0.7488076,3.747218,466,0.7408585,0.06602065,103,0.163752,15,0.1456311,168,0.2670906
0:04:50,734,634,0.8637602,0.7993701,472,0.7444795,3.73817,468,0.7381703,0.06545845,98,0.1545741,14,0.1428571,177,0.2791798
0:04:51,735,631,0.8585034,0.800108,475,0.7527734,3.752773,464,0.7353407,0.06373508,108,0.1711569,16,0.1481481,167,0.2646593
0:04:52,730,628,0.860274,0.8012472,479,0.7627388,3.767516,462,0.7356688,0.06375103,112,0.178344,17,0.1517857,164,0.2611465
0:04:53,731,622,0.8508892,0.8014514,473,0.7604502,3.745981,457,0.7347267,0.06478272,109,0.1752412,16,0.146789,158,0.2540193
0:04:54,730,614,0.8410959,0.8016322,467,0.7605863,3.739414,455,0.7410423,0.06638103,110,0.1791531,14,0.1272727,156,0.2540717
0:04:55,728,608,0.8351648,0.8016824,465,0.7648026,3.740132,451,0.7417763,0.06585015,108,0.1776316,14,0.1296296,154,0.2532895
0:04:56,726,603,0.8305785,0.8014774,466,0.7728027,3.74461,445,0.7379768,0.06515728,112,0.185738,14,0.125,152,0.252073
0:04:57,724,597,0.8245856,0.8015983,465,0.7788945,3.748744,438,0.7336683,0.06482302,120,0.201005,15,0.125,143,0.239531
0:04:58,723,596,0.824343,0.8023347,463,0.7768456,3.755033,438,0.7348993,0.06578898,122,0.204698,13,0.1065574,142,0.238255
0:04:59,721,589,0.8169209,0.8018289,466,0.7911715,3.765705,436,0.7402377,0.06627608,133,0.2258064,13,0.09774436,134,0.2275042
0:05:00,720,588,0.8166667,0.8037752,469,0.797619,3.811224,435,0.7397959,0.06629337,142,0.2414966,14,0.09859155,126,0.2142857
0:05:01,717,580,0.8089261,0.8035781,468,0.8068966,3.796552,430,0.7413793,0.0670301,149,0.2568966,15,0.1006711,119,0.2051724
0:05:02,717,568,0.7921897,0.8015657,465,0.818662,3.744718,424,0.7464789,0.06791548,160,0.2816902,18,0.1125,109,0.1919014
0:05:03,715,560,0.7832168,0.8013664,468,0.8357143,3.744643,419,0.7482143,0.06847144,170,0.3035714,19,0.1117647,103,0.1839286
0:05:04,715,559,0.7818182,0.8016171,467,0.8354204,3.740608,417,0.745975,0.06869572,171,0.3059034,19,0.1111111,102,0.1824687
0:05:05,718,549,0.7646239,0.797611,460,0.837887,3.664845,408,0.7431694,0.06766196,173,0.3151184,19,0.1098266,97,0.1766849
0:05:06,720,544,0.7555556,0.7958922,456,0.8382353,3.645221,406,0.7463235,0.06736603,169,0.3106618,16,0.09467456,95,0.1746324
0:05:07,717,541,0.7545328,0.796256,454,0.8391867,3.641405,404,0.7467653,0.06698945,172,0.3179298,17,0.09883721,91,0.168207
0:05:08,719,543,0.7552156,0.7978084,458,0.8434622,3.677716,405,0.7458563,0.0672517,177,0.3259669,20,0.1129944,87,0.160221
0:05:09,718,539,0.7506964,0.7979272,457,0.8478664,3.671614,402,0.7458256,0.06697932,176,0.3265306,21,0.1193182,84,0.1558442
0:05:10,712,535,0.7514045,0.7986251,457,0.8542056,3.708411,398,0.7439252,0.06725237,178,0.3327103,21,0.1179775,81,0.1514019
0:05:11,712,527,0.7401685,0.7990775,454,0.8614801,3.696395,393,0.7457306,0.06838795,182,0.345351,22,0.1208791,78,0.1480076
0:05:12,710,519,0.7309859,0.7984074,448,0.8631985,3.701349,389,0.7495183,0.06835249,184,0.354528,23,0.125,74,0.1425819
0:05:13,707,515,0.72843,0.7980889,443,0.8601941,3.700971,385,0.7475728,0.06794198,181,0.3514563,23,0.1270718,75,0.1456311
0:05:14,702,513,0.7307692,0.7985961,438,0.8538012,3.692008,383,0.7465887,0.06756532,180,0.3508772,23,0.1277778,72,0.1403509
0:05:15,699,515,0.7367668,0.7992168,439,0.8524272,3.700971,384,0.745631,0.0652203,181,0.3514563,23,0.1270718,72,0.1398058
0:05:16,695,516,0.7424461,0.7995818,439,0.8507752,3.717054,383,0.7422481,0.06374752,182,0.3527132,22,0.1208791,70,0.1356589
0:05:17,687,514,0.7481805,0.8002005,438,0.8521401,3.72179,382,0.7431906,0.06403195,183,0.3560311,22,0.1202186,71,0.1381323
0:05:18,683,515,0.7540264,0.7997055,436,0.846602,3.679612,383,0.7436893,0.06456123,179,0.3475728,22,0.122905,75,0.1456311
0:05:19,681,513,0.7533039,0.7996787,432,0.8421053,3.680312,380,0.7407407,0.06386121,177,0.3450292,22,0.1242938,74,0.1442495
0:05:20,683,513,0.7510981,0.7996675,434,0.8460039,3.682261,377,0.7348928,0.06467414,180,0.3508772,23,0.1277778,77,0.1500975
0:05:21,677,512,0.7562777,0.7997962,431,0.8417969,3.644531,378,0.7382813,0.06546119,172,0.3359375,20,0.1162791,82,0.1601563
0:05:22,667,514,0.7706147,0.8008946,431,0.8385214,3.66537,380,0.7392996,0.06457264,170,0.3307393,20,0.1176471,81,0.1575875
0:05:23,664,516,0.7771084,0.8019459,430,0.8333333,3.695736,382,0.7403101,0.06451197,169,0.3275194,21,0.1242604,85,0.1647287
0:05:24,659,517,0.784522,0.8015962,432,0.8355899,3.669246,384,0.7427466,0.06590933,169,0.3268859,23,0.1360947,89,0.172147
0:05:25,659,522,0.7921093,0.8022982,436,0.8352491,3.672414,387,0.7413793,0.06557324,165,0.316092,23,0.1393939,94,0.1800766
0:05:26,653,524,0.8024502,0.8023906,435,0.8301527,3.677481,390,0.7442748,0.0657097,161,0.3072519,22,0.136646,97,0.1851145
0:05:27,649,527,0.8120185,0.8027152,433,0.8216318,3.686907,393,0.7457306,0.06566834,158,0.2998103,22,0.1392405,99,0.1878558
0:05:28,651,534,0.8202765,0.8025109,434,0.8127341,3.666667,399,0.747191,0.0663761,152,0.2846442,22,0.1447368,104,0.1947566
0:05:29,658,542,0.8237082,0.8020504,431,0.795203,3.599631,405,0.7472325,0.06420123,140,0.2583026,22,0.1571429,114,0.2103321
0:05:30,659,546,0.828528,0.8007163,429,0.7857143,3.545788,410,0.7509158,0.0658083,134,0.2454212,21,0.1567164,120,0.2197802
0:05:31,658,549,0.8343465,0.8008463,428,0.7795992,3.537341,411,0.7486339,0.06657673,129,0.2349727,20,0.1550388,126,0.2295082
0:05:32,659,549,0.8330804,0.8005871,423,0.7704918,3.526412,412,0.7504554,0.06670497,126,0.2295082,18,0.1428571,127,0.2313297
0:05:33,665,556,0.8360902,0.8011797,425,0.7643885,3.52518,417,0.75,0.06640714,119,0.2140288,17,0.1428571,135,0.2428057
0:05:34,668,562,0.8413174,0.8014033,427,0.7597865,3.512455,423,0.752669,0.06765974,120,0.2135231,19,0.1583333,135,0.2402135
0:05:35,663,561,0.8461539,0.8024575,428,0.7629234,3.541889,420,0.7486631,0.06775801,122,0.2174688,22,0.1803279,136,0.2424242
0:05:36,671,567,0.8450075,0.8016871,430,0.7583774,3.54321,426,0.7513227,0.06844097,117,0.2063492,22,0.1880342,142,0.2504409
0:05:37,668,568,0.8502994,0.8033277,429,0.7552817,3.549296,427,0.7517605,0.06841193,113,0.1989437,21,0.1858407,145,0.2552817
0:05:38,669,573,0.8565022,0.8040924,434,0.7574171,3.554974,431,0.7521815,0.06928144,112,0.1954625,17,0.1517857,149,0.2600349
0:05:39,674,580,0.8605341,0.8046141,434,0.7482759,3.539655,435,0.75,0.07020497,105,0.1810345,17,0.1619048,156,0.2689655
0:05:40,677,581,0.8581979,0.8039531,428,0.736661,3.504303,437,0.7521515,0.06988836,100,0.172117,15,0.15,161,0.2771084
0:05:41,677,584,0.8626292,0.8052331,429,0.734589,3.513699,440,0.7534246,0.0708894,101,0.1729452,15,0.1485149,160,0.2739726
0:05:42,678,586,0.8643068,0.8058752,428,0.7303754,3.525597,441,0.7525597,0.07059663,97,0.165529,15,0.1546392,162,0.2764505
0:05:43,680,589,0.8661765,0.8074885,429,0.7283531,3.534805,443,0.7521222,0.0699146,96,0.1629881,15,0.15625,164,0.278438
0:05:44,682,592,0.8680352,0.8090784,432,0.7297297,3.5625,443,0.7483108,0.07014948,97,0.1638514,14,0.1443299,162,0.2736486
0:05:45,681,591,0.8678414,0.8108274,432,0.7309645,3.622674,442,0.7478849,0.07099963,97,0.1641286,14,0.1443299,161,0.2724196
0:05:46,683,596,0.8726208,0.8122147,437,0.7332215,3.63255,445,0.7466443,0.07144181,99,0.1661074,14,0.1414141,165,0.2768456
0:05:47,684,598,0.874269,0.8140247,439,0.7341137,3.665552,446,0.7458194,0.06971885,105,0.1755853,14,0.1333333,164,0.2742475
0:05:48,686,598,0.8717201,0.8144249,442,0.7391304,3.673913,444,0.7424749,0.06888356,105,0.1755853,13,0.1238095,162,0.270903
0:05:49,685,599,0.8744525,0.8150837,442,0.7378965,3.684474,445,0.7429048,0.06821763,106,0.1769616,14,0.1320755,163,0.2721202
0:05:50,687,598,0.8704512,0.8156176,441,0.7374582,3.70903,446,0.7458194,0.06993547,109,0.1822743,14,0.1284404,161,0.2692308
0:05:51,687,600,0.8733624,0.8168437,441,0.735,3.723333,447,0.745,0.0695182,108,0.18,14,0.1296296,161,0.2683333
0:05:52,685,600,0.8759124,0.8183292,443,0.7383333,3.756667,445,0.7416667,0.06920862,113,0.1883333,16,0.1415929,157,0.2616667
0:05:53,685,600,0.8759124,0.8194591,442,0.7366667,3.768333,447,0.745,0.07005008,113,0.1883333,15,0.1327434,154,0.2566667
0:05:54,686,595,0.8673469,0.8190015,441,0.7411765,3.756303,443,0.7445378,0.07070608,117,0.1966387,15,0.1282051,151,0.2537815
0:05:55,686,593,0.8644315,0.8191543,441,0.7436762,3.76054,442,0.7453626,0.07100215,118,0.1989882,16,0.1355932,149,0.2512648
0:05:56,688,590,0.8575581,0.8192612,440,0.7457627,3.745763,439,0.7440678,0.07030053,121,0.2050847,16,0.1322314,146,0.2474576
0:05:57,685,588,0.8583941,0.8207543,443,0.7534013,3.736395,439,0.7465987,0.07107005,126,0.2142857,17,0.1349206,141,0.2397959
0:05:58,682,580,0.8504399,0.8202875,442,0.762069,3.732759,433,0.7465518,0.07005088,136,0.2344828,18,0.1323529,128,0.2206897
0:05:59,682,579,0.8489736,0.8214287,448,0.7737479,3.753022,433,0.7478411,0.0707166,145,0.2504318,18,0.1241379,120,0.2072539
0:06:00,681,574,0.8428781,0.8206211,451,0.7857143,3.714286,431,0.7508711,0.07189817,158,0.2752613,19,0.1202532,114,0.1986063
0:06:01,683,571,0.8360175,0.8209051,458,0.8021016,3.705779,426,0.7460595,0.07113648,164,0.2872154,20,0.1219512,108,0.1891419
0:06:02,684,568,0.8304093,0.8210787,456,0.8028169,3.704225,427,0.7517605,0.07172537,169,0.2975352,21,0.1242604,104,0.1830986
0:06:03,690,569,0.8246377,0.8208931,454,0.797891,3.692443,427,0.7504393,0.07178149,167,0.2934974,18,0.1077844,104,0.1827768
0:06:04,694,563,0.8112392,0.8192087,452,0.8028419,3.692718,421,0.7477797,0.07048208,171,0.30373,20,0.1169591,99,0.1758437
0:06:05,700,563,0.8042857,0.8188679,450,0.7992895,3.678508,420,0.7460036,0.06997967,168,0.2984014,17,0.1011905,101,0.1793961
0:06:06,701,559,0.7974322,0.8182433,453,0.8103757,3.644007,414,0.7406082,0.06855063,177,0.3166369,19,0.1073446,100,0.1788909
0:06:07,706,562,0.796034,0.8183782,452,0.8042704,3.656584,414,0.7366548,0.06695785,176,0.3131673,20,0.1136364,102,0.1814947
0:06:08,701,557,0.7945791,0.819374,453,0.8132855,3.666068,411,0.7378815,0.06646158,183,0.3285458,20,0.1092896,98,0.1759426
0:06:09,701,552,0.7874465,0.8182747,449,0.8134058,3.637681,409,0.740942,0.06694558,187,0.3387681,23,0.1229947,94,0.1702899
0:06:10,699,551,0.788269,0.8193777,456,0.8275862,3.669692,411,0.7459165,0.06800757,193,0.3502722,26,0.134715,89,0.1615245
0:06:11,696,545,0.7830459,0.8199437,455,0.8348624,3.658715,406,0.7449541,0.06895497,196,0.359633,27,0.1377551,87,0.159633
0:06:12,696,541,0.7772989,0.8187661,449,0.8299446,3.615527,405,0.7486137,0.06837121,194,0.3585952,26,0.1340206,86,0.1589649
0:06:13,699,543,0.7768241,0.8192272,450,0.8287293,3.620626,406,0.7476979,0.06781451,191,0.3517495,26,0.1361257,89,0.1639042
0:06:14,701,544,0.7760342,0.8191326,450,0.8272059,3.615809,408,0.75,0.06802768,190,0.3492647,26,0.1368421,90,0.1654412
0:06:15,702,547,0.7792023,0.8191395,450,0.8226691,3.588665,409,0.7477148,0.06745882,185,0.3382084,26,0.1405405,95,0.1736746
0:06:16,699,550,0.7868384,0.8192139,451,0.82,3.581818,412,0.7490909,0.06767055,182,0.3309091,26,0.1428571,97,0.1763636
0:06:17,703,555,0.7894737,0.8183844,448,0.8072072,3.536937,418,0.7531531,0.06760939,176,0.3171171,25,0.1420455,102,0.1837838
0:06:18,703,555,0.7894737,0.8186216,447,0.8054054,3.54054,417,0.7513514,0.06747042,177,0.3189189,25,0.1412429,102,0.1837838
0:06:19,700,555,0.7928572,0.8202005,448,0.8072072,3.562162,418,0.7531531,0.06763108,176,0.3171171,25,0.1420455,103,0.1855856
0:06:20,696,555,0.7974138,0.8214928,450,0.8108108,3.574775,418,0.7531531,0.06764868,174,0.3135135,25,0.1436782,102,0.1837838
0:06:21,690,553,0.8014493,0.8226764,448,0.8101266,3.59132,418,0.755877,0.06743932,174,0.3146474,25,0.1436782,100,0.1808318
0:06:22,691,552,0.7988423,0.8227581,447,0.8097826,3.567029,417,0.7554348,0.06645129,172,0.3115942,24,0.1395349,101,0.182971
0:06:23,687,555,0.8078603,0.8241243,451,0.8126126,3.6,420,0.7567568,0.06703158,175,0.3153153,25,0.1428571,102,0.1837838
0:06:24,683,558,0.8169839,0.825121,455,0.8154122,3.59319,423,0.7580645,0.0679827,175,0.3136201,26,0.1485714,105,0.188172
0:06:25,683,562,0.8228404,0.8256932,457,0.8131673,3.619217,426,0.7580071,0.06850491,173,0.3078292,27,0.1560694,110,0.1957295
0:06:26,684,566,0.8274854,0.8265938,459,0.810954,3.618375,429,0.7579505,0.06789071,171,0.3021201,26,0.1520468,113,0.1996466
0:06:27,695,574,0.8258993,0.8241804,456,0.7944251,3.560976,437,0.761324,0.06880677,161,0.2804878,27,0.1677019,124,0.2160279
0:06:28,700,583,0.8328571,0.8239594,454,0.7787307,3.524871,443,0.7598628,0.06987734,149,0.2555746,24,0.1610738,135,0.2315609
0:06:29,704,591,0.8394886,0.8238653,455,0.7698815,3.507614,450,0.7614213,0.06945076,143,0.2419628,23,0.1608392,145,0.2453469
0:06:30,706,598,0.8470255,0.8240469,460,0.7692308,3.493311,458,0.7658863,0.07062253,138,0.2307692,22,0.1594203,152,0.2541806
0:06:32,702,597,0.8504273,0.8249913,458,0.7671692,3.514238,456,0.7638191,0.06929573,138,0.2311558,22,0.1594203,149,0.2495812
0:06:33,711,604,0.8495077,0.8236892,456,0.7549669,3.488411,463,0.7665563,0.07057611,128,0.2119205,21,0.1640625,155,0.2566225
0:06:34,709,605,0.8533145,0.8238763,457,0.7553719,3.494215,465,0.768595,0.07190977,125,0.2066116,22,0.176,158,0.261157
0:06:35,709,611,0.8617771,0.8251336,463,0.7577741,3.505728,471,0.7708674,0.0713186,128,0.2094926,25,0.1953125,158,0.2585925
0:06:36,707,610,0.8628005,0.8253505,460,0.7540984,3.501639,468,0.7672131,0.07037673,128,0.2098361,25,0.1953125,156,0.2557377
0:06:37,712,612,0.8595505,0.825103,456,0.7450981,3.488562,470,0.7679738,0.07169338,123,0.2009804,23,0.1869919,157,0.2565359
0:06:38,718,616,0.8579387,0.826447,460,0.7467533,3.516234,472,0.7662337,0.07225772,122,0.1980519,22,0.1803279,159,0.2581169
0:06:39,723,621,0.8589212,0.8258125,464,0.747182,3.497585,481,0.7745572,0.07410781,124,0.1996779,22,0.1774193,165,0.2657005
0:06:40,721,623,0.8640777,0.8271623,465,0.7463884,3.532905,481,0.7720706,0.07318901,123,0.1974318,22,0.1788618,168,0.2696629
0:06:41,727,628,0.863824,0.8271417,469,0.7468153,3.531847,485,0.772293,0.07165693,116,0.1847134,20,0.1724138,174,0.2770701
0:06:42,726,627,0.8636364,0.828402,469,0.7480064,3.54067,485,0.7735247,0.07194039,113,0.1802233,20,0.1769911,177,0.2822967
0:06:43,728,627,0.8612638,0.8288354,467,0.7448166,3.553429,486,0.7751196,0.07175662,110,0.1754386,18,0.1636364,176,0.2807018
0:06:44,728,631,0.8667582,0.828912,466,0.7385103,3.561014,490,0.7765452,0.07161969,111,0.1759112,18,0.1621622,176,0.2789223
0:06:45,729,629,0.8628258,0.829092,464,0.7376788,3.575517,488,0.7758347,0.0721747,111,0.1764706,17,0.1531532,177,0.281399
0:06:46,734,625,0.8514987,0.8285612,461,0.7376,3.5664,488,0.7808,0.07316608,113,0.1808,17,0.1504425,175,0.28
0:06:47,736,623,0.8464674,0.8292736,460,0.7383628,3.556982,488,0.7833066,0.07395164,113,0.1813804,16,0.1415929,174,0.2792937
0:06:48,740,624,0.8432432,0.8290302,458,0.7339743,3.543269,490,0.7852564,0.074328,111,0.1778846,16,0.1441441,176,0.2820513
0:06:49,738,622,0.8428184,0.8300629,461,0.7411575,3.573955,488,0.7845659,0.07442754,116,0.1864952,20,0.1724138,172,0.2765273
0:06:50,739,619,0.8376184,0.8305317,460,0.7431341,3.576737,486,0.7851373,0.07556501,119,0.1922456,21,0.1764706,168,0.2714055
0:06:51,737,616,0.8358209,0.8300865,454,0.737013,3.530844,485,0.7873377,0.07597931,112,0.1818182,18,0.1607143,170,0.275974
0:06:52,733,610,0.8321965,0.83044,450,0.7377049,3.532787,480,0.7868853,0.07628965,115,0.1885246,18,0.1565217,167,0.2737705
0:06:53,736,609,0.8274456,0.8306513,448,0.7356322,3.533662,481,0.7898194,0.07711054,115,0.1888342,18,0.1565217,163,0.2676519
0:06:54,738,609,0.8252032,0.8304973,448,0.7356322,3.541872,480,0.7881773,0.07637639,117,0.1921182,18,0.1538462,162,0.2660098
0:06:55,737,607,0.8236092,0.8307912,444,0.7314662,3.576606,480,0.7907743,0.07686652,118,0.1943987,18,0.1525424,162,0.2668863
0:06:56,739,607,0.8213803,0.8311459,451,0.7429984,3.579901,482,0.7940692,0.07680023,126,0.2075783,18,0.1428571,157,0.2586491
0:06:57,742,607,0.8180593,0.8321322,459,0.7561779,3.593081,482,0.7940692,0.07776242,133,0.2191104,18,0.1353384,158,0.2602966
0:06:58,741,604,0.8151147,0.8324069,463,0.7665563,3.594371,478,0.7913907,0.07682836,144,0.2384106,20,0.1388889,152,0.2516556
0:06:59,742,598,0.8059299,0.8323382,468,0.7826087,3.633779,475,0.7943144,0.07748649,163,0.2725753,24,0.1472393,140,0.2341137
0:07:00,741,595,0.802969,0.8330197,470,0.789916,3.67563,474,0.7966387,0.07809877,169,0.2840336,25,0.147929,135,0.2268908
0:07:01,743,593,0.7981157,0.8333659,469,0.7908937,3.698145,473,0.7976391,0.07861479,171,0.2883643,26,0.1520468,132,0.222597
0:07:02,741,588,0.7935222,0.8329043,469,0.797619,3.670068,468,0.7959183,0.0791309,179,0.3044218,26,0.1452514,125,0.212585
0:07:03,741,587,0.7921727,0.8326432,472,0.8040886,3.669506,468,0.7972743,0.08004079,187,0.318569,29,0.1550802,123,0.20954
0:07:04,736,586,0.7961956,0.8330732,476,0.8122867,3.667236,468,0.7986348,0.08122946,196,0.334471,29,0.1479592,116,0.1979522
0:07:05,740,586,0.7918919,0.8325893,474,0.8088737,3.612628,467,0.7969283,0.08007769,193,0.3293515,24,0.1243523,117,0.1996587
0:07:06,738,582,0.7886179,0.8328038,473,0.8127148,3.609966,464,0.7972509,0.08036096,194,0.3333333,24,0.1237113,116,0.1993127
0:07:07,737,585,0.7937585,0.8333789,476,0.8136752,3.606838,465,0.7948718,0.079832,195,0.3333333,22,0.1128205,115,0.1965812
0:07:08,735,583,0.7931973,0.834039,475,0.8147513,3.619211,464,0.7958834,0.07972996,193,0.3310463,23,0.119171,114,0.1955403
0:07:09,735,582,0.7918367,0.8340423,476,0.8178694,3.594502,462,0.7938144,0.07988738,194,0.3333333,23,0.1185567,105,0.1804124
0:07:10,732,583,0.7964481,0.8338004,476,0.8164666,3.586621,462,0.7924528,0.08213045,194,0.3327616,25,0.128866,107,0.1835334
0:07:11,732,584,0.7978142,0.8349113,483,0.8270548,3.599315,465,0.7962329,0.0822449,200,0.3424658,26,0.13,106,0.1815068
0:07:12,732,584,0.7978142,0.8353695,487,0.8339041,3.607877,467,0.7996575,0.08232066,205,0.3510274,27,0.1317073,104,0.1780822
0:07:13,729,587,0.8052126,0.8362741,490,0.834753,3.599659,470,0.8006814,0.08206664,206,0.350937,27,0.131068,103,0.1754685
0:07:14,727,588,0.8088033,0.8365353,493,0.8384354,3.598639,472,0.8027211,0.08312886,206,0.3503401,28,0.1359223,103,0.1751701
0:07:15,728,588,0.8076923,0.8357697,490,0.8333333,3.593537,469,0.797619,0.08198275,200,0.3401361,28,0.14,107,0.1819728
0:07:16,720,587,0.8152778,0.8371853,491,0.8364565,3.609881,467,0.7955707,0.08235808,204,0.3475298,31,0.1519608,103,0.1754685
0:07:17,718,587,0.8175488,0.8372729,488,0.8313458,3.614991,466,0.7938671,0.08116143,200,0.3407155,30,0.15,106,0.1805792
0:07:18,720,587,0.8152778,0.8376216,487,0.8296422,3.643952,467,0.7955707,0.08210263,201,0.3424191,30,0.1492537,109,0.18569
0:07:19,718,587,0.8175488,0.8384491,486,0.8279387,3.647359,467,0.7955707,0.08141708,199,0.3390119,30,0.1507538,109,0.18569
0:07:20,719,591,0.821975,0.8388669,487,0.8240271,3.661591,469,0.7935702,0.08168833,194,0.3282572,30,0.1546392,115,0.1945854
0:07:21,721,590,0.8183079,0.8385262,486,0.8237288,3.650847,472,0.8,0.08196153,195,0.3305085,31,0.1589744,117,0.1983051
0:07:22,723,595,0.8229599,0.8380653,485,0.8151261,3.628572,476,0.8,0.08232072,191,0.3210084,29,0.1518325,120,0.2016807
0:07:23,722,594,0.8227147,0.8393323,484,0.8148148,3.658249,476,0.8013468,0.08315074,190,0.3198653,28,0.1473684,120,0.2020202
0:07:24,724,598,0.8259668,0.8400854,487,0.8143812,3.667224,477,0.7976589,0.08316817,185,0.3093646,28,0.1513513,125,0.2090301
0:07:25,725,598,0.8248276,0.839213,483,0.8076923,3.613712,478,0.7993311,0.08468501,183,0.3060201,27,0.147541,122,0.2040134
0:07:26,722,601,0.83241,0.8383228,481,0.8003328,3.605657,479,0.797005,0.08453901,172,0.2861897,26,0.1511628,131,0.21797
0:07:27,720,606,0.8416666,0.8390021,485,0.80033,3.605611,483,0.7970297,0.08633354,173,0.2854786,25,0.1445087,128,0.2112211
0:07:28,729,617,0.8463649,0.8390034,487,0.7893031,3.58671,492,0.7974068,0.08703475,164,0.2658023,24,0.1463415,140,0.2269044
0:07:29,732,622,0.8497268,0.838187,485,0.7797428,3.55627,499,0.8022508,0.08941091,155,0.2491961,22,0.1419355,151,0.2427653
0:07:30,736,630,0.8559783,0.8390864,490,0.7777778,3.561905,506,0.8031746,0.08885276,156,0.247619,23,0.1474359,154,0.2444444
0:07:31,737,630,0.8548169,0.8401229,490,0.7777778,3.603175,508,0.8063492,0.08920826,155,0.2460317,23,0.1483871,158,0.2507937
0:07:32,739,633,0.8565629,0.8402696,488,0.7709321,3.587678,510,0.8056872,0.08889602,155,0.2448657,24,0.1548387,157,0.2480253
0:07:33,746,638,0.8552279,0.8391579,485,0.7601881,3.53605,512,0.8025078,0.088359,148,0.2319749,23,0.1554054,165,0.2586207
0:07:34,750,640,0.8533334,0.8388758,488,0.7625,3.528125,512,0.8,0.08813275,148,0.23125,26,0.1756757,169,0.2640625
0:07:35,755,640,0.8476821,0.8378108,482,0.753125,3.492188,511,0.7984375,0.08803926,140,0.21875,25,0.1785714,174,0.271875
0:07:36,759,643,0.8471673,0.8385844,483,0.7511664,3.503888,513,0.7978227,0.08827172,138,0.214619,22,0.1594203,177,0.2752722
0:07:37,763,645,0.8453473,0.8389869,485,0.751938,3.52093,515,0.7984496,0.08858324,135,0.2093023,20,0.1481481,178,0.275969
0:07:38,768,654,0.8515625,0.8394247,487,0.7446483,3.516819,523,0.7996942,0.08808038,127,0.1941896,20,0.1574803,188,0.2874618
0:07:39,769,654,0.8504552,0.8390938,487,0.7446483,3.506116,524,0.8012232,0.08927368,124,0.1896024,18,0.1451613,192,0.293578
0:07:40,766,655,0.8550914,0.8399289,486,0.7419847,3.490076,525,0.8015267,0.089254,122,0.1862595,18,0.147541,192,0.2931298
0:07:41,767,655,0.8539765,0.8404033,485,0.740458,3.514504,526,0.8030534,0.08898375,122,0.1862595,18,0.147541,190,0.2900763
0:07:42,767,655,0.8539765,0.8423194,488,0.7450382,3.552672,526,0.8030534,0.08891317,124,0.189313,19,0.1532258,187,0.2854962
0:07:43,773,662,0.8564036,0.8432653,491,0.7416918,3.536254,531,0.8021148,0.08875415,123,0.1858006,19,0.1544715,192,0.2900302
0:07:44,772,660,0.8549223,0.8442435,493,0.7469697,3.551515,531,0.8045455,0.08942106,131,0.1984849,19,0.1450382,189,0.2863636
0:07:45,775,660,0.8516129,0.8446071,493,0.7469697,3.566667,531,0.8045455,0.08866782,130,0.1969697,17,0.1307692,185,0.280303
0:07:46,774,660,0.8527132,0.844779,493,0.7469697,3.568182,534,0.8090909,0.08895588,126,0.1909091,18,0.1428571,187,0.2833333
0:07:47,772,660,0.8549223,0.8458797,494,0.7484848,3.593939,533,0.8075758,0.08825391,126,0.1909091,19,0.1507937,189,0.2863636
0:07:48,772,663,0.8588083,0.8467117,497,0.7496229,3.609351,535,0.8069382,0.08808786,128,0.1930618,21,0.1640625,188,0.2835596
0:07:49,771,662,0.8586252,0.8476281,499,0.7537764,3.610272,534,0.8066465,0.08890253,133,0.2009064,21,0.1578947,185,0.2794562
0:07:50,772,657,0.8510363,0.8480639,494,0.7519026,3.607306,528,0.8036529,0.08903772,136,0.2070015,22,0.1617647,181,0.2754947
0:07:51,772,658,0.8523316,0.8484133,499,0.7583587,3.609422,532,0.8085107,0.08898164,140,0.212766,23,0.1642857,182,0.2765957
0:07:52,775,660,0.8516129,0.8485479,500,0.7575758,3.607576,534,0.8090909,0.08838382,138,0.2090909,23,0.1666667,182,0.2757576
0:07:53,772,654,0.8471503,0.8479887,498,0.7614679,3.590214,529,0.8088685,0.08903375,142,0.2171254,26,0.1830986,177,0.2706422
0:07:54,773,656,0.8486416,0.8486388,498,0.7591463,3.603658,531,0.8094512,0.0886225,142,0.2164634,25,0.1760563,176,0.2682927
0:07:55,771,657,0.8521401,0.8487381,500,0.761035,3.592085,534,0.8127854,0.08805779,144,0.2191781,26,0.1805556,176,0.2678843
0:07:56,767,658,0.8578879,0.8494141,502,0.7629179,3.615501,533,0.8100304,0.08858272,146,0.2218845,27,0.1849315,174,0.2644377
0:07:57,769,658,0.8556567,0.8497106,507,0.7705167,3.610942,530,0.8054711,0.08743602,153,0.2325228,28,0.1830065,172,0.2613982
0:07:58,774,660,0.8527132,0.8497085,513,0.7772727,3.6,531,0.8045455,0.08629563,159,0.2409091,31,0.1949686,170,0.2575758
0:07:59,776,656,0.8453608,0.849501,512,0.7804878,3.609756,530,0.8079268,0.08534,163,0.2484756,30,0.1840491,167,0.2545732
0:08:00,778,647,0.8316196,0.8496184,511,0.7897991,3.595054,524,0.8098918,0.08489156,169,0.2612056,32,0.1893491,160,0.2472952
0:08:01,775,642,0.8283871,0.8494814,509,0.7928349,3.576324,522,0.8130841,0.0861904,175,0.2725857,31,0.1771429,153,0.2383178
0:08:02,772,639,0.8277202,0.8507663,511,0.799687,3.627543,521,0.8153365,0.08518282,182,0.28482,32,0.1758242,146,0.228482
0:08:03,771,637,0.8261998,0.8512787,520,0.8163266,3.643642,519,0.8147567,0.08454488,198,0.310832,35,0.1767677,134,0.2103611
0:08:04,780,643,0.824359,0.8506396,524,0.81493,3.592535,524,0.81493,0.08419129,195,0.3032659,32,0.1641026,139,0.2161742
0:08:05,782,640,0.8184143,0.8501773,521,0.8140625,3.585938,520,0.8125,0.0830202,197,0.3078125,32,0.1624365,136,0.2125
0:08:06,781,635,0.8130602,0.8502643,519,0.8173229,3.595276,515,0.8110236,0.08311453,204,0.3212599,34,0.1666667,131,0.2062992
0:08:07,781,631,0.8079385,0.8506184,520,0.8240888,3.573693,514,0.81458,0.08287002,215,0.340729,36,0.1674419,125,0.1980983
0:08:08,777,630,0.8108108,0.8513664,524,0.831746,3.579365,513,0.8142857,0.08157074,223,0.3539683,37,0.1659193,122,0.1936508
0:08:09,779,633,0.8125802,0.851495,526,0.8309637,3.584518,516,0.8151659,0.083001,220,0.3475513,35,0.1590909,123,0.1943128
0:08:10,778,631,0.811054,0.8526368,526,0.8335975,3.616482,517,0.8193344,0.08288876,225,0.3565769,35,0.1555556,119,0.1885895
0:08:11,778,633,0.8136247,0.8535755,530,0.8372828,3.636651,520,0.821485,0.08182357,229,0.3617693,36,0.1572052,118,0.1864139
0:08:12,779,631,0.8100128,0.8531259,528,0.836767,3.635499,521,0.8256735,0.08057525,230,0.3645008,35,0.1521739,117,0.18542
0:08:13,778,632,0.8123393,0.8529618,526,0.8322785,3.636076,523,0.8275316,0.08081838,226,0.3575949,34,0.1504425,119,0.1882911
0:08:14,779,633,0.8125802,0.852897,528,0.8341232,3.628752,523,0.8262243,0.08148225,231,0.3649289,34,0.1471861,118,0.1864139
0:08:15,778,631,0.811054,0.8522338,525,0.8320127,3.63233,521,0.8256735,0.08130327,231,0.3660856,33,0.1428571,117,0.18542
0:08:16,780,634,0.8128205,0.8528854,524,0.8264984,3.640378,523,0.8249211,0.08121832,225,0.3548896,33,0.1466667,123,0.1940063
0:08:17,784,639,0.815051,0.8532681,524,0.8200313,3.661972,527,0.8247262,0.08011407,222,0.3474178,32,0.1441441,125,0.1956182
0:08:18,785,636,0.8101911,0.8529723,523,0.822327,3.690252,523,0.822327,0.07935427,220,0.3459119,31,0.1409091,126,0.1981132
0:08:19,780,636,0.8153846,0.853873,523,0.822327,3.701258,523,0.822327,0.07920443,220,0.3459119,31,0.1409091,125,0.1965409
0:08:20,781,635,0.8130602,0.8544635,523,0.823622,3.702362,525,0.8267717,0.07972123,221,0.3480315,34,0.1538462,124,0.1952756
0:08:21,782,639,0.8171356,0.8540814,524,0.8200313,3.694836,525,0.8215963,0.07879412,218,0.3411581,32,0.146789,124,0.1940532
0:08:22,782,647,0.8273658,0.8546419,529,0.8176198,3.697063,531,0.820711,0.07822584,214,0.3307573,30,0.1401869,132,0.2040185
0:08:23,790,651,0.8240506,0.8534808,526,0.8079877,3.660522,534,0.8202765,0.07975005,204,0.3133641,26,0.127451,142,0.218126
0:08:24,792,654,0.8257576,0.8532461,524,0.8012232,3.639144,535,0.8180428,0.07945591,196,0.2996942,24,0.122449,148,0.2262997
0:08:26,794,658,0.8287154,0.854398,526,0.7993921,3.656535,539,0.819149,0.07979615,197,0.2993921,24,0.1218274,148,0.224924
0:08:27,796,663,0.8329146,0.8551178,527,0.7948718,3.653092,543,0.8190045,0.0806018,198,0.2986425,24,0.1212121,152,0.2292609
0:08:28,796,669,0.8404523,0.8554127,529,0.7907324,3.64873,549,0.8206278,0.08072466,196,0.2929746,20,0.1020408,158,0.2361734
0:08:29,796,673,0.8454774,0.8557764,529,0.7860327,3.653789,552,0.820208,0.08024337,191,0.2838039,19,0.09947644,160,0.2377415
0:08:30,802,683,0.851621,0.8557163,536,0.7847731,3.635432,561,0.8213763,0.07969273,185,0.2708638,20,0.1081081,170,0.2489019
0:08:31,809,686,0.8479605,0.8549655,534,0.7784256,3.623907,567,0.8265306,0.08010243,180,0.2623907,20,0.1111111,178,0.2594752
0:08:32,812,691,0.8509852,0.8551205,536,0.7756874,3.617945,569,0.8234443,0.07980017,179,0.2590449,21,0.1173184,182,0.2633864
0:08:33,813,693,0.8523985,0.8553519,535,0.7720058,3.608947,566,0.8167388,0.07803072,177,0.2554113,21,0.1186441,181,0.2611833
0:08:34,813,692,0.8511685,0.8548975,538,0.7774566,3.589595,562,0.8121387,0.07822257,179,0.2586705,23,0.1284916,181,0.2615607
0:08:35,818,699,0.8545232,0.8551942,538,0.769671,3.60372,566,0.8097282,0.07636399,176,0.2517883,24,0.1363636,186,0.2660944
0:08:36,824,707,0.8580097,0.8551865,536,0.7581329,3.591231,575,0.8132956,0.0758556,170,0.2404526,24,0.1411765,193,0.2729844
0:08:37,830,714,0.8602409,0.8547796,537,0.7521008,3.579832,578,0.8095238,0.07440249,161,0.2254902,24,0.1490683,201,0.2815126
0:08:38,830,716,0.8626506,0.8556461,537,0.75,3.587989,579,0.8086592,0.07507449,161,0.2248603,24,0.1490683,201,0.2807263
0:08:39,836,723,0.8648325,0.8558611,539,0.7455049,3.543568,584,0.8077455,0.0746876,163,0.2254495,22,0.1349693,205,0.2835408
0:08:40,838,721,0.8603818,0.8564467,538,0.7461858,3.567268,584,0.8099861,0.07585487,166,0.2302358,24,0.1445783,205,0.2843273
0:08:41,844,726,0.8601896,0.8569636,536,0.738292,3.573003,590,0.8126722,0.07577173,161,0.2217631,23,0.1428571,206,0.2837466
0:08:42,841,723,0.8596908,0.8568892,531,0.7344398,3.533887,586,0.8105118,0.07663399,156,0.2157676,21,0.1346154,208,0.2876902
0:08:43,842,721,0.8562945,0.8567636,531,0.7364771,3.531207,584,0.8099861,0.07583085,158,0.2191401,22,0.1392405,207,0.2871012
0:08:44,843,720,0.8540925,0.8576766,536,0.7444444,3.530555,585,0.8125,0.07710616,159,0.2208333,23,0.1446541,208,0.2888889
0:08:45,845,719,0.8508876,0.8575568,532,0.7399166,3.518776,584,0.8122392,0.07574263,157,0.2183588,25,0.1592357,208,0.2892907
0:08:46,853,725,0.8499414,0.8574899,535,0.737931,3.503448,587,0.8096552,0.07562803,153,0.2110345,25,0.1633987,214,0.2951724
0:08:47,854,724,0.8477752,0.8579805,536,0.7403315,3.524862,585,0.8080111,0.07564962,157,0.2168508,25,0.1592357,209,0.288674
0:08:48,856,723,0.8446262,0.8587083,538,0.7441217,3.525588,586,0.8105118,0.07585327,158,0.2185339,27,0.1708861,209,0.2890733
0:08:49,852,721,0.8462442,0.8596355,543,0.7531207,3.557559,583,0.8085992,0.07473807,162,0.2246879,27,0.1666667,208,0.2884882
0:08:50,851,714,0.8390129,0.8598212,538,0.7535014,3.564426,580,0.8123249,0.07701181,166,0.232493,28,0.1686747,202,0.2829132
0:08:51,852,709,0.8321596,0.8588895,534,0.7531735,3.531735,576,0.8124118,0.07760189,167,0.235543,31,0.1856287,199,0.280677
0:08:52,853,710,0.8323564,0.8589838,538,0.7577465,3.514085,578,0.8140845,0.07789331,169,0.2380282,31,0.183432,200,0.2816902
0:08:53,854,711,0.8325527,0.859713,542,0.7623066,3.535865,578,0.8129395,0.07657201,176,0.2475387,33,0.1875,198,0.278481
0:08:54,855,708,0.8280702,0.8595977,543,0.7669492,3.526836,576,0.8135593,0.07650394,185,0.2612994,39,0.2108108,192,0.2711864
0:08:55,851,708,0.8319624,0.8606713,550,0.7768362,3.556497,574,0.8107345,0.07652489,195,0.2754237,38,0.1948718,188,0.2655367
0:08:56,858,710,0.8275058,0.8594,546,0.7690141,3.494366,573,0.8070422,0.07606067,186,0.2619718,34,0.1827957,192,0.2704225
0:08:57,862,716,0.8306264,0.8593673,549,0.7667598,3.476257,579,0.8086592,0.07654262,182,0.2541899,36,0.1978022,194,0.2709497
0:08:58,866,717,0.8279446,0.8590895,550,0.7670851,3.450488,579,0.8075314,0.07620146,185,0.2580195,40,0.2162162,191,0.2663877
0:08:59,866,716,0.8267899,0.8593754,549,0.7667598,3.462291,582,0.8128492,0.07668667,188,0.2625698,40,0.212766,187,0.2611732
0:09:00,869,709,0.8158803,0.8589462,548,0.7729196,3.458392,577,0.8138223,0.07712178,195,0.2750353,40,0.2051282,175,0.2468265
0:09:01,864,703,0.8136574,0.8585798,546,0.7766714,3.473684,572,0.8136557,0.07598201,208,0.2958748,41,0.1971154,162,0.230441
0:09:02,868,707,0.8145161,0.8590003,549,0.7765205,3.471004,575,0.8132956,0.07601953,206,0.291372,42,0.2038835,166,0.2347949
0:09:03,868,709,0.8168203,0.8591929,553,0.7799718,3.462623,575,0.8110014,0.07541742,212,0.2990127,42,0.1981132,160,0.22567
0:09:04,873,712,0.8155785,0.8587017,553,0.7766854,3.44382,577,0.8103933,0.07526419,214,0.3005618,39,0.182243,161,0.2261236
0:09:05,874,713,0.8157895,0.8586161,556,0.7798036,3.42216,578,0.8106592,0.07548512,218,0.3057503,39,0.1788991,159,0.2230014
0:09:06,876,711,0.8116438,0.858699,555,0.7805907,3.438818,573,0.8059072,0.07545787,214,0.3009845,38,0.1775701,162,0.2278481
0:09:07,877,705,0.8038769,0.8582928,556,0.7886525,3.421277,569,0.8070922,0.07665291,222,0.3148936,42,0.1891892,157,0.222695
0:09:08,876,699,0.7979452,0.8579128,553,0.7911302,3.413448,565,0.8082976,0.07713,224,0.3204578,42,0.1875,148,0.211731
0:09:09,877,698,0.7958951,0.8579911,549,0.7865329,3.411175,565,0.8094556,0.0769082,220,0.3151862,40,0.1818182,146,0.2091691
0:09:10,878,698,0.7949886,0.8576207,551,0.7893983,3.38682,565,0.8094556,0.07713649,221,0.3166189,39,0.1764706,146,0.2091691
0:09:11,872,696,0.7981651,0.85772,550,0.7902299,3.383621,563,0.808908,0.07687785,219,0.3146552,38,0.173516,142,0.204023
0:09:12,875,695,0.7942857,0.8570104,549,0.7899281,3.353957,562,0.8086331,0.07563195,214,0.3079137,37,0.1728972,148,0.2129496
0:09:13,877,700,0.7981756,0.8574947,551,0.7871429,3.358572,564,0.8057143,0.07471498,215,0.3071429,36,0.1674419,151,0.2157143
0:09:14,876,701,0.8002283,0.8579489,553,0.788873,3.363766,563,0.8031384,0.07378893,218,0.3109843,36,0.1651376,151,0.2154066
0:09:15,875,703,0.8034286,0.8584148,552,0.7852063,3.347084,564,0.802276,0.07390977,213,0.3029872,33,0.1549296,152,0.2162162
0:09:16,875,702,0.8022857,0.8586879,554,0.7891738,3.358974,564,0.8034188,0.07434649,213,0.3034188,31,0.1455399,155,0.2207977
0:09:17,878,706,0.8041002,0.8586184,556,0.7875354,3.379603,565,0.8002833,0.07442412,209,0.296034,30,0.1435407,159,0.2252125
0:09:18,876,706,0.8059361,0.8587539,553,0.7832861,3.389518,565,0.8002833,0.07422934,202,0.286119,28,0.1386139,161,0.2280453
0:09:19,872,705,0.8084862,0.8592923,554,0.7858156,3.388653,562,0.7971631,0.07387228,203,0.2879433,27,0.1330049,161,0.2283688
0:09:20,874,706,0.8077803,0.8593875,552,0.7818697,3.388102,561,0.7946176,0.07352211,196,0.2776204,26,0.1326531,166,0.2351275
0:09:21,874,712,0.8146453,0.8599946,553,0.7766854,3.425562,563,0.7907304,0.07243181,193,0.2710674,24,0.1243523,168,0.2359551
0:09:22,875,715,0.8171428,0.8604712,559,0.7818182,3.430769,566,0.7916084,0.072637,197,0.2755245,26,0.1319797,167,0.2335664
0:09:23,876,722,0.8242009,0.8608366,561,0.7770083,3.434903,568,0.7867036,0.07124323,195,0.2700831,22,0.1128205,171,0.2368421
0:09:24,884,732,0.8280543,0.8603175,565,0.7718579,3.423497,578,0.7896175,0.07098381,192,0.2622951,22,0.1145833,178,0.2431694
0:09:25,888,737,0.829955,0.8606773,569,0.7720488,3.428765,579,0.7856174,0.07087895,190,0.2578019,25,0.131579,183,0.2483039
0:09:26,887,737,0.8308907,0.8613552,573,0.7774763,3.458616,580,0.7869742,0.07087364,196,0.265943,24,0.122449,178,0.2415197
0:09:27,890,740,0.8314607,0.8611538,574,0.7756757,3.47027,588,0.7945946,0.07110721,198,0.2675676,22,0.1111111,179,0.2418919
0:09:28,891,751,0.8428732,0.8608454,577,0.7683089,3.459388,594,0.7909454,0.07035215,194,0.2583222,20,0.1030928,186,0.2476698
0:09:29,891,752,0.8439955,0.8613557,578,0.768617,3.462766,595,0.7912234,0.07117335,188,0.25,20,0.106383,190,0.2526596
0:09:30,891,758,0.8507295,0.862193,583,0.7691293,3.463061,601,0.792876,0.07119094,187,0.2467019,22,0.1176471,197,0.2598945
0:09:31,891,760,0.8529742,0.8610095,579,0.7618421,3.444737,601,0.7907895,0.06854187,183,0.2407895,21,0.1147541,201,0.2644737
0:09:32,889,761,0.856018,0.8614858,578,0.759527,3.445467,601,0.7897503,0.06864805,185,0.2431012,20,0.1081081,196,0.2575558
0:09:33,892,762,0.8542601,0.8607835,581,0.7624672,3.423885,601,0.7887139,0.06866594,186,0.2440945,26,0.1397849,198,0.2598425
0:09:34,888,763,0.8592342,0.8621896,589,0.7719528,3.445609,603,0.7903014,0.06890696,192,0.2516383,26,0.1354167,198,0.259502
0:09:35,888,758,0.8536036,0.8634965,589,0.7770448,3.469657,600,0.7915567,0.06980673,192,0.2532982,26,0.1354167,200,0.2638522
0:09:36,892,761,0.853139,0.8635112,590,0.7752957,3.471748,601,0.7897503,0.06955237,194,0.2549277,25,0.128866,202,0.2654402
0:09:37,896,765,0.8537946,0.863857,596,0.779085,3.479738,604,0.7895425,0.07036405,196,0.2562092,23,0.1173469,206,0.2692811
0:09:38,897,763,0.8506132,0.8649222,596,0.7811272,3.522936,603,0.7903014,0.06988741,198,0.259502,23,0.1161616,205,0.2686763
0:09:39,894,761,0.8512304,0.8656315,593,0.7792379,3.526938,604,0.7936925,0.07022332,199,0.261498,26,0.1306533,202,0.2654402
0:09:40,895,766,0.8558659,0.8660499,593,0.7741514,3.524804,608,0.7937337,0.06951714,199,0.2597911,29,0.1457286,199,0.2597911
0:09:41,904,764,0.8451328,0.8655791,588,0.7696335,3.522251,603,0.789267,0.0722935,195,0.2552356,29,0.148718,199,0.2604712
0:09:42,907,767,0.845645,0.8664572,593,0.7731421,3.544981,607,0.7913951,0.07128979,201,0.26206,32,0.159204,198,0.2581486
0:09:43,911,771,0.8463227,0.8662541,594,0.770428,3.536965,610,0.7911803,0.07101092,198,0.2568093,31,0.1565657,202,0.2619974
0:09:44,913,771,0.8444688,0.8661476,591,0.766537,3.522698,611,0.7924773,0.07094055,197,0.2555123,32,0.1624365,202,0.2619974
0:09:45,923,778,0.8429036,0.8660492,590,0.7583548,3.515424,613,0.7879177,0.06999421,192,0.2467866,31,0.1614583,206,0.2647815
0:09:46,919,778,0.8465723,0.8672517,594,0.7634962,3.53856,615,0.7904884,0.07033888,195,0.2506427,34,0.174359,206,0.2647815
0:09:47,922,776,0.8416486,0.8672581,596,0.7680413,3.54768,614,0.7912371,0.07004793,202,0.2603093,36,0.1782178,203,0.2615979
0:09:48,922,770,0.835141,0.8681265,593,0.7701299,3.558442,610,0.7922078,0.06973071,205,0.2662338,36,0.1756098,198,0.2571429
0:09:49,926,770,0.8315335,0.8673809,589,0.7649351,3.533766,609,0.7909091,0.06880105,204,0.2649351,36,0.1764706,198,0.2571429
0:09:50,929,769,0.8277718,0.8669146,588,0.7646294,3.508453,607,0.7893368,0.06801869,206,0.2678804,36,0.1747573,195,0.2535761
0:09:51,931,773,0.83029,0.8674312,594,0.7684346,3.534282,609,0.7878396,0.06834432,210,0.2716688,39,0.1857143,195,0.2522639
0:09:52,934,773,0.8276231,0.867246,591,0.7645537,3.539457,608,0.7865459,0.06824236,212,0.2742561,40,0.1886792,192,0.2483829
0:09:53,928,767,0.8265086,0.8679798,586,0.7640157,3.531943,604,0.7874837,0.06862289,212,0.2764016,40,0.1886792,187,0.243807
0:09:54,929,766,0.8245425,0.8683903,588,0.767624,3.503917,606,0.7911227,0.06969815,215,0.2806788,43,0.2,184,0.2402089
0:09:55,930,767,0.8247312,0.8684649,595,0.7757497,3.516297,605,0.7887875,0.06877496,216,0.2816167,45,0.2083333,184,0.2398957
0:09:56,934,768,0.8222698,0.86812,594,0.7734375,3.507813,607,0.7903646,0.06817413,213,0.2773438,44,0.2065728,185,0.2408854
0:09:57,934,770,0.8244112,0.8688541,603,0.7831169,3.535065,605,0.7857143,0.06705732,222,0.2883117,47,0.2117117,182,0.2363636
0:09:58,934,770,0.8244112,0.8690218,605,0.7857143,3.537662,606,0.787013,0.06771655,223,0.2896104,49,0.2197309,182,0.2363636
0:09:59,942,775,0.8227176,0.8688288,610,0.7870968,3.516129,609,0.7858065,0.06663611,225,0.2903226,46,0.2044444,184,0.2374194
0:10:00,950,783,0.8242105,0.8684137,614,0.7841635,3.491699,618,0.789272,0.06695003,222,0.2835249,44,0.1981982,188,0.2401022
0:10:01,947,783,0.8268216,0.8692183,615,0.7854406,3.519796,620,0.7918263,0.06756987,227,0.2899106,45,0.1982379,184,0.2349936
0:10:02,950,783,0.8242105,0.8689744,612,0.7816092,3.505747,618,0.789272,0.06837485,225,0.2873563,44,0.1955556,185,0.2362708
0:10:03,947,786,0.8299894,0.8693712,613,0.7798982,3.519084,618,0.7862595,0.06846869,223,0.283715,39,0.1748879,187,0.2379135
0:10:04,948,784,0.8270042,0.8695076,612,0.7806122,3.51148,619,0.7895408,0.06991012,224,0.2857143,39,0.1741071,187,0.2385204
0:10:05,945,777,0.8222222,0.8699089,607,0.7812098,3.523809,615,0.7915058,0.07050321,223,0.2870013,39,0.1748879,188,0.2419562
0:10:06,955,784,0.8209424,0.8700353,612,0.7806122,3.506377,624,0.7959183,0.07143466,218,0.2780612,39,0.1788991,192,0.244898
0:10:07,956,784,0.8200837,0.8700877,610,0.7780612,3.538265,624,0.7959183,0.07141315,217,0.2767857,39,0.1797235,192,0.244898
0:10:08,953,781,0.8195173,0.870706,608,0.7784891,3.568502,622,0.7964149,0.07249919,218,0.2791293,39,0.1788991,188,0.240717
0:10:09,953,780,0.818468,0.8713436,609,0.7807692,3.589744,623,0.798718,0.07314932,222,0.2846154,39,0.1756757,186,0.2384615
0:10:10,947,780,0.8236536,0.8724038,611,0.7833334,3.620513,625,0.801282,0.07365692,223,0.2858974,37,0.1659193,184,0.2358974
0:10:11,953,784,0.8226653,0.8715369,613,0.7818878,3.553571,627,0.7997449,0.0736009,226,0.2882653,37,0.1637168,184,0.2346939
0:10:12,953,786,0.8247639,0.8724651,617,0.7849873,3.591603,628,0.7989822,0.07384133,227,0.2888041,36,0.1585903,187,0.2379135
0:10:13,956,784,0.8200837,0.8717094,613,0.7818878,3.533163,625,0.7971939,0.07342007,227,0.2895408,31,0.1365639,187,0.2385204
0:10:14,955,788,0.8251309,0.8718021,615,0.7804568,3.531726,628,0.7969543,0.07249197,226,0.286802,31,0.1371681,187,0.2373096
0:10:15,959,796,0.8300313,0.871367,617,0.7751256,3.486181,636,0.798995,0.07149521,224,0.281407,28,0.125,195,0.2449749
0:10:16,957,794,0.8296761,0.8714526,617,0.7770781,3.494962,634,0.7984887,0.07199746,225,0.2833753,28,0.1244444,194,0.2443325
0:10:17,961,793,0.8251821,0.8713971,613,0.7730139,3.503153,632,0.7969735,0.07047592,221,0.2786885,28,0.1266968,193,0.2433796
0:10:18,961,796,0.8283039,0.8718711,613,0.7701005,3.503769,635,0.7977387,0.07042088,219,0.2751256,28,0.1278539,194,0.2437186
0:10:19,961,798,0.830385,0.8722661,613,0.7681704,3.532582,636,0.7969925,0.06899742,218,0.273183,29,0.1330275,195,0.2443609
0:10:20,964,799,0.8288382,0.8720676,618,0.7734668,3.52816,636,0.795995,0.06878183,220,0.2753442,28,0.1272727,197,0.2465582
0:10:21,963,800,0.8307373,0.8725512,618,0.7725,3.5325,637,0.79625,0.06882953,218,0.2725,27,0.1238532,196,0.245
0:10:22,971,802,0.8259526,0.8716881,618,0.7705736,3.508728,638,0.7955112,0.06982403,213,0.265586,26,0.1220657,204,0.2543641
0:10:23,975,806,0.8266667,0.8716654,619,0.7679901,3.5,639,0.7928039,0.06983471,207,0.2568238,24,0.115942,210,0.2605459
0:10:24,980,814,0.8306122,0.8718526,627,0.7702703,3.5,644,0.7911548,0.06904749,209,0.2567568,23,0.1100478,209,0.2567568
0:10:25,985,819,0.8314721,0.8724321,629,0.7680098,3.510379,647,0.7899878,0.07024427,205,0.2503053,21,0.102439,216,0.2637363
0:10:26,985,821,0.8335025,0.873193,631,0.7685749,3.534714,650,0.7917174,0.07047167,208,0.2533496,20,0.09615385,214,0.2606577
0:10:28,986,825,0.836714,0.8732504,634,0.7684848,3.515152,655,0.7939394,0.07075198,206,0.249697,21,0.1019417,216,0.2618182
0:10:29,988,833,0.8431174,0.8731775,637,0.7647059,3.504202,663,0.7959183,0.07090313,204,0.244898,21,0.1029412,221,0.2653061
0:10:30,997,836,0.8385155,0.8727373,634,0.7583732,3.492823,662,0.791866,0.07138109,205,0.2452153,20,0.09756097,221,0.2643541
0:10:31,1001,843,0.8421578,0.8734331,644,0.7639383,3.489917,669,0.7935943,0.07157315,203,0.2408066,24,0.1182266,229,0.2716489
0:10:32,1002,844,0.8423154,0.8740588,648,0.7677725,3.503555,668,0.7914692,0.0715363,205,0.242891,24,0.1170732,231,0.2736967
0:10:33,1004,848,0.8446215,0.8743537,652,0.7688679,3.504717,668,0.7877358,0.0714867,204,0.240566,23,0.1127451,233,0.2747642
0:10:34,1002,848,0.8463074,0.8747471,655,0.7724057,3.522406,671,0.7912736,0.0717648,208,0.245283,26,0.125,230,0.2712264
0:10:35,1007,855,0.8490566,0.8746125,654,0.7649123,3.498246,671,0.7847953,0.07054151,207,0.2421053,26,0.1256039,228,0.2666667
0:10:36,1003,855,0.8524427,0.8756826,656,0.7672515,3.54269,671,0.7847953,0.07018565,208,0.2432749,25,0.1201923,227,0.2654971
0:10:37,1004,856,0.8525897,0.8755155,652,0.7616823,3.53972,674,0.7873832,0.0693196,203,0.2371495,25,0.1231527,230,0.2686916
0:10:38,1003,857,0.8544367,0.8763703,654,0.7631272,3.56126,674,0.7864644,0.0687766,206,0.2403734,25,0.1213592,226,0.2637106
0:10:39,1004,856,0.8525897,0.8766393,654,0.7640187,3.553738,676,0.7897196,0.06983375,210,0.2453271,27,0.1285714,223,0.260514
0:10:40,1004,859,0.8555777,0.8772979,660,0.7683353,3.573923,676,0.7869616,0.06916795,210,0.2444703,27,0.1285714,222,0.25844
0:10:41,1007,863,0.857001,0.8778086,659,0.7636153,3.581692,678,0.7856315,0.06944782,209,0.2421784,29,0.138756,224,0.2595597
0:10:42,1011,866,0.8565776,0.8777623,664,0.7667437,3.588915,682,0.7875289,0.06963168,215,0.2482679,34,0.1581395,222,0.2563511
0:10:43,1008,862,0.8551587,0.8777054,662,0.7679814,3.575406,677,0.7853828,0.07006861,216,0.25058,32,0.1481481,221,0.2563805
0:10:44,1010,860,0.8514851,0.8779233,662,0.7697675,3.594186,675,0.7848837,0.07074419,218,0.2534884,37,0.1697248,217,0.2523256
0:10:45,1012,859,0.8488142,0.8781149,663,0.7718277,3.580908,680,0.7916182,0.07190946,222,0.25844,40,0.1801802,217,0.2526193
0:10:46,1020,864,0.8470588,0.8780503,668,0.7731481,3.560185,679,0.7858796,0.06987384,219,0.2534722,39,0.1780822,223,0.2581019
0:10:47,1023,867,0.8475074,0.878861,672,0.7750865,3.574394,682,0.7866206,0.0718745,224,0.2583622,39,0.1741071,221,0.254902
0:10:48,1025,867,0.8458537,0.8795783,674,0.7773933,3.585928,685,0.7900807,0.07260375,225,0.2595156,39,0.1733333,221,0.254902
0:10:49,1025,868,0.8468293,0.8797671,673,0.7753456,3.574885,683,0.7868664,0.07224106,229,0.2638249,41,0.1790393,215,0.2476958
0:10:50,1024,867,0.8466797,0.8802526,674,0.7773933,3.589389,685,0.7900807,0.07252327,232,0.2675894,45,0.1939655,212,0.2445213
0:10:51,1026,872,0.8499025,0.8803106,674,0.7729358,3.582569,690,0.7912844,0.07306322,232,0.266055,46,0.1982759,216,0.2477064
0:10:52,1027,873,0.8500487,0.880365,677,0.7754868,3.564719,691,0.7915235,0.07236601,243,0.2783505,51,0.2098765,211,0.2416953
0:10:53,1033,877,0.8489835,0.8802763,674,0.7685291,3.538198,694,0.7913341,0.07365842,238,0.2713797,51,0.2142857,214,0.2440137
0:10:54,1035,876,0.8463768,0.8798163,680,0.7762557,3.530822,696,0.7945206,0.0747212,243,0.2773973,51,0.2098765,211,0.2408676
0:10:55,1040,876,0.8423077,0.8796795,679,0.7751142,3.517123,695,0.793379,0.0725655,240,0.2739726,53,0.2208333,216,0.2465753
0:10:56,1041,876,0.8414986,0.8803129,681,0.7773973,3.550228,695,0.793379,0.07224014,247,0.2819635,52,0.2105263,214,0.2442922
0:10:57,1044,874,0.8371648,0.8806116,686,0.784897,3.562929,694,0.7940503,0.07283462,252,0.2883295,52,0.2063492,210,0.2402746
0:10:58,1051,879,0.8363463,0.8802788,689,0.7838453,3.556314,697,0.7929465,0.07227395,255,0.2901024,54,0.2117647,207,0.2354949
0:10:59,1058,885,0.836484,0.8798407,688,0.7774011,3.537853,704,0.7954803,0.07261986,255,0.2881356,54,0.2117647,208,0.2350283
0:11:00,1060,884,0.8339623,0.8793484,691,0.7816742,3.50905,705,0.7975113,0.07283354,259,0.2929864,53,0.2046332,206,0.2330317
0:11:01,1061,884,0.8331763,0.8795754,692,0.7828054,3.512444,709,0.8020362,0.07508341,258,0.2918552,52,0.2015504,206,0.2330317
0:11:02,1061,882,0.8312913,0.8800625,691,0.7834467,3.518141,705,0.7993197,0.07400503,259,0.2936508,53,0.2046332,205,0.2324263
0:11:03,1065,885,0.8309859,0.8803654,694,0.7841808,3.520904,708,0.8,0.07440473,259,0.2926554,55,0.2123552,210,0.2372881
0:11:04,1067,882,0.8266167,0.8806205,688,0.7800453,3.522676,705,0.7993197,0.07490584,253,0.2868481,50,0.1976285,210,0.2380952
0:11:05,1063,879,0.826905,0.8812045,688,0.7827076,3.539249,704,0.8009101,0.07596625,259,0.294653,52,0.2007722,209,0.2377702
0:11:06,1060,873,0.8235849,0.8815226,688,0.7880871,3.561283,698,0.7995418,0.07632414,260,0.2978236,53,0.2038462,202,0.231386
0:11:07,1062,872,0.8210923,0.8819636,690,0.7912844,3.567661,701,0.8038991,0.07676747,260,0.2981651,52,0.2,209,0.2396789
0:11:08,1065,870,0.8169014,0.8816631,688,0.7908046,3.567816,697,0.8011494,0.0760234,260,0.2988506,52,0.2,207,0.237931
0:11:09,1061,863,0.8133836,0.8817257,681,0.7891077,3.543453,693,0.8030127,0.07687628,255,0.2954809,51,0.2,208,0.2410197
0:11:10,1063,865,0.8137347,0.8814207,680,0.7861272,3.539884,694,0.8023121,0.07618602,257,0.2971098,50,0.1945525,209,0.2416185
0:11:11,1062,864,0.8135593,0.8817521,685,0.7928241,3.553241,693,0.8020833,0.07423285,260,0.3009259,50,0.1923077,211,0.244213
0:11:12,1065,862,0.8093897,0.8820386,683,0.7923434,3.561485,695,0.8062645,0.07590521,260,0.3016241,48,0.1846154,213,0.2470998
0:11:13,1068,869,0.8136704,0.8819414,688,0.7917146,3.542002,698,0.8032221,0.07545168,259,0.2980437,48,0.1853282,219,0.2520138
0:11:14,1069,872,0.8157156,0.8816488,687,0.7878441,3.524083,698,0.8004587,0.07485624,254,0.2912844,45,0.1771654,225,0.2580275
0:11:15,1067,871,0.8163074,0.8819812,687,0.7887486,3.525832,695,0.7979334,0.07473741,251,0.2881745,47,0.187251,225,0.2583238
0:11:16,1071,877,0.8188609,0.881568,689,0.7856328,3.532497,698,0.7958951,0.07415752,247,0.281642,47,0.1902834,231,0.263398
0:11:17,1076,882,0.8197026,0.881201,684,0.7755102,3.520408,698,0.7913832,0.07323245,239,0.2709751,43,0.1799163,236,0.2675737
0:11:18,1080,885,0.8194444,0.8817248,683,0.7717514,3.528814,700,0.7909604,0.07317086,240,0.2711864,41,0.1708333,235,0.2655367
0:11:19,1081,886,0.8196115,0.8822973,687,0.775395,3.536117,706,0.7968397,0.07584956,245,0.2765237,41,0.1673469,237,0.2674944
0:11:20,1085,889,0.8193548,0.8825997,689,0.7750281,3.543307,708,0.7964004,0.07644744,243,0.2733408,41,0.1687243,238,0.2677165
0:11:21,1085,892,0.8221198,0.8828101,694,0.7780269,3.559417,711,0.7970852,0.07651599,242,0.2713004,38,0.1570248,239,0.2679372
0:11:22,1087,898,0.8261269,0.8831984,695,0.7739421,3.563474,717,0.798441,0.07599074,241,0.2683742,34,0.1410788,242,0.2694877
0:11:23,1095,902,0.8237443,0.881879,697,0.7727273,3.527716,723,0.8015521,0.07651007,240,0.2660754,33,0.1375,250,0.2771619
0:11:24,1097,906,0.8258888,0.8821782,706,0.7792494,3.548565,727,0.8024282,0.07668044,247,0.2726269,32,0.1295547,251,0.2770419
0:11:25,1099,908,0.8262057,0.8828695,708,0.7797357,3.55837,731,0.8050661,0.0769348,250,0.2753304,31,0.124,254,0.2797357
0:11:26,1103,912,0.8268359,0.8827436,707,0.7752193,3.555921,735,0.8059211,0.07696959,247,0.2708333,33,0.1336032,257,0.2817982
0:11:27,1099,906,0.8243858,0.8831191,702,0.7748345,3.572848,736,0.812362,0.07781942,251,0.2770419,35,0.1394422,255,0.2814569
0:11:28,1103,911,0.8259293,0.8830176,703,0.7716795,3.558727,741,0.8133919,0.07704715,244,0.2678376,32,0.1311475,254,0.2788145
0:11:29,1106,913,0.8254973,0.8825589,707,0.7743702,3.542169,743,0.8138006,0.07664916,248,0.271632,36,0.1451613,254,0.2782037
0:11:30,1104,917,0.8306159,0.8828704,707,0.7709923,3.545256,747,0.8146129,0.07637045,249,0.2715376,35,0.1405623,254,0.2769902
0:11:31,1108,925,0.8348376,0.8831102,711,0.7686486,3.544865,754,0.8151351,0.07574534,251,0.2713513,36,0.1434263,256,0.2767568
0:11:32,1111,925,0.8325832,0.883172,707,0.7643243,3.531892,756,0.8172973,0.07694431,245,0.2648649,33,0.1346939,258,0.2789189
0:11:33,1111,927,0.8343834,0.8836372,711,0.7669903,3.556634,758,0.8176915,0.0774266,250,0.2696872,36,0.144,251,0.2707659
0:11:34,1109,930,0.8385933,0.883696,713,0.7666667,3.530107,759,0.816129,0.07785011,249,0.2677419,36,0.1445783,253,0.272043
0:11:35,1111,934,0.8406841,0.884579,721,0.7719486,3.546039,760,0.8137045,0.07752543,244,0.261242,35,0.1434426,260,0.2783726
0:11:36,1116,939,0.8413978,0.8843485,717,0.7635783,3.521832,764,0.8136315,0.07714129,236,0.2513312,33,0.1398305,266,0.2832801
0:11:37,1117,935,0.8370636,0.8846642,714,0.7636364,3.541177,760,0.8128342,0.0781771,239,0.255615,31,0.1297071,259,0.2770053
0:11:38,1114,937,0.8411131,0.8854368,713,0.7609392,3.557097,759,0.810032,0.07781576,239,0.2550694,31,0.1297071,257,0.2742796
0:11:39,1114,940,0.8438061,0.8860227,719,0.7648936,3.56383,760,0.8085107,0.07686573,243,0.2585106,35,0.1440329,259,0.2755319
0:11:40,1121,941,0.8394291,0.8853439,716,0.7608927,3.54729,758,0.805526,0.07717153,242,0.2571732,36,0.1487603,259,0.2752391
0:11:41,1119,937,0.8373548,0.885652,717,0.7652081,3.57524,751,0.8014941,0.07710251,243,0.2593383,38,0.1563786,256,0.2732124
0:11:42,1120,943,0.8419643,0.8862318,720,0.7635207,3.576882,754,0.7995758,0.07677481,241,0.2555673,38,0.1576764,260,0.2757158
0:11:43,1122,944,0.8413547,0.8865319,723,0.7658898,3.563559,757,0.8019068,0.076779,249,0.2637712,40,0.1606426,253,0.2680085
0:11:44,1125,948,0.8426667,0.8864901,722,0.7616034,3.554852,759,0.8006329,0.07629442,244,0.257384,40,0.1639344,258,0.2721519
0:11:45,1124,944,0.8398576,0.8869956,721,0.7637712,3.558263,757,0.8019068,0.07781699,246,0.2605932,41,0.1666667,253,0.2680085
0:11:46,1122,948,0.8449198,0.8873244,727,0.7668777,3.548523,760,0.8016878,0.0769931,249,0.2626582,42,0.1686747,253,0.2668777
0:11:47,1123,951,0.8468388,0.887744,734,0.7718191,3.554153,761,0.8002103,0.07706594,259,0.2723449,50,0.1930502,248,0.2607781
0:11:48,1117,951,0.8513876,0.8886456,737,0.7749737,3.592008,762,0.8012618,0.07692145,260,0.2733964,52,0.2,245,0.2576236
0:11:49,1118,955,0.8542039,0.8892364,747,0.782199,3.604188,765,0.8010471,0.07789023,268,0.2806283,54,0.2014925,242,0.2534031
0:11:50,1120,957,0.8544643,0.8894407,748,0.7816092,3.596656,768,0.8025078,0.07881249,265,0.276907,55,0.2075472,243,0.2539185
0:11:51,1125,964,0.8568889,0.8898024,749,0.776971,3.607884,771,0.7997925,0.07676934,260,0.2697096,54,0.2076923,249,0.2582988
0:11:52,1128,965,0.8554965,0.8902209,755,0.7823834,3.626943,773,0.8010363,0.07730179,274,0.2839378,60,0.2189781,242,0.2507772
0:11:53,1133,969,0.8552516,0.8902577,756,0.7801858,3.617131,775,0.7997936,0.07648773,270,0.2786378,61,0.2259259,247,0.254902
0:11:54,1135,967,0.8519824,0.8896968,755,0.7807652,3.580145,777,0.803516,0.0764591,276,0.2854188,61,0.2210145,242,0.2502585
0:11:55,1144,974,0.8513986,0.8890865,755,0.775154,3.536961,780,0.8008214,0.07534064,272,0.2792608,65,0.2389706,244,0.2505133
0:11:56,1152,977,0.8480903,0.8887925,755,0.7727738,3.498465,782,0.8004094,0.07348826,265,0.2712385,62,0.2339623,247,0.2528147
0:11:57,1156,976,0.8442907,0.8894389,758,0.7766393,3.491803,783,0.8022541,0.07442663,268,0.2745902,63,0.2350746,247,0.2530738
0:11:58,1160,979,0.8439655,0.8892254,755,0.7711951,3.46476,788,0.804903,0.07419627,265,0.2706844,62,0.2339623,248,0.2533197
0:11:59,1167,980,0.8397601,0.889177,754,0.7693878,3.447959,792,0.8081633,0.07577596,265,0.2704082,63,0.2377359,247,0.2520408
0:12:00,1171,980,0.8368915,0.8893085,761,0.7765306,3.446939,793,0.8091837,0.07557088,278,0.2836735,63,0.2266187,243,0.2479592
0:12:01,1179,988,0.8379983,0.8893008,764,0.7732794,3.436235,796,0.805668,0.07533915,276,0.2793522,66,0.2391304,243,0.2459514
0:12:02,1183,993,0.8393914,0.8889454,763,0.7683787,3.436052,803,0.8086606,0.07612213,273,0.2749245,65,0.2380952,245,0.2467271
0:12:03,1186,992,0.8364249,0.8887082,757,0.7631049,3.415323,800,0.8064516,0.07627324,270,0.2721774,65,0.2407407,244,0.2459677
0:12:04,1195,1003,0.8393306,0.8886288,765,0.7627119,3.395813,808,0.8055832,0.07713784,266,0.2652044,61,0.2293233,255,0.2542373
0:12:05,1194,1002,0.839196,0.8888797,772,0.7704591,3.402196,805,0.8033932,0.07724591,273,0.2724551,62,0.2271062,251,0.250499
0:12:06,1194,1005,0.8417085,0.8890572,777,0.7731344,3.416915,809,0.8049752,0.07784174,285,0.2835821,64,0.2245614,244,0.2427861
0:12:07,1191,1000,0.8396305,0.8894158,775,0.775,3.436,806,0.806,0.07808391,282,0.282,62,0.2198582,241,0.241
0:12:08,1195,999,0.8359833,0.8894707,771,0.7717718,3.415416,807,0.8078078,0.07858124,278,0.2782783,59,0.2122302,237,0.2372372
0:12:09,1199,998,0.8323603,0.8894092,767,0.768537,3.3998,808,0.8096192,0.07972753,275,0.2755511,58,0.2109091,241,0.241483
0:12:10,1202,1001,0.8327787,0.8898252,764,0.7632368,3.407592,809,0.8081918,0.07889285,274,0.2737263,59,0.2153285,240,0.2397602
0:12:11,1205,1004,0.833195,0.8899238,762,0.7589641,3.385458,813,0.8097609,0.07937872,270,0.2689243,58,0.2148148,242,0.2410359
0:12:12,1205,1003,0.8323652,0.8896827,770,0.7676969,3.378863,810,0.8075773,0.07912205,276,0.2751745,59,0.2137681,241,0.2402792
0:12:13,1210,1010,0.8347107,0.8897447,771,0.7633663,3.382178,813,0.8049505,0.07858725,270,0.2673267,58,0.2148148,246,0.2435644
0:12:14,1215,1011,0.8320988,0.8902478,775,0.7665678,3.39367,816,0.8071216,0.07883946,273,0.2700297,60,0.2197802,247,0.2443126
0:12:15,1214,1009,0.8311368,0.8900254,776,0.7690783,3.38553,811,0.8037661,0.0782611,275,0.2725471,58,0.2109091,245,0.2428147
0:12:16,1221,1014,0.8304668,0.8898178,772,0.7613412,3.36785,815,0.8037475,0.07794851,269,0.265286,56,0.2081784,246,0.2426036
0:12:17,1219,1012,0.8301887,0.8899165,765,0.7559289,3.376482,811,0.8013834,0.07758558,264,0.2608696,54,0.2045455,245,0.2420949
0:12:18,1217,1016,0.8348398,0.8901838,769,0.7568898,3.376969,818,0.8051181,0.07766269,263,0.2588583,54,0.2053232,250,0.246063
0:12:19,1221,1022,0.8370188,0.890601,776,0.7592955,3.379648,821,0.8033268,0.07655594,265,0.2592955,58,0.2188679,250,0.2446184
0:12:20,1221,1025,0.8394758,0.8903898,773,0.7541463,3.36,818,0.7980488,0.07632825,261,0.2546341,57,0.2183908,255,0.2487805
0:12:21,1220,1028,0.8426229,0.8905402,776,0.7548638,3.363813,819,0.7966926,0.07567343,259,0.2519455,49,0.1891892,257,0.25
0:12:23,1226,1031,0.8409461,0.8904332,778,0.7546072,3.352085,820,0.7953444,0.07586014,259,0.2512124,50,0.1930502,259,0.2512124
0:12:24,1231,1034,0.8399675,0.8899938,781,0.7553192,3.347195,824,0.7969052,0.07522586,257,0.2485493,48,0.1867704,261,0.2524178
0:12:25,1241,1038,0.8364223,0.8896746,779,0.7504817,3.312139,829,0.7986513,0.07423489,262,0.2524085,44,0.1679389,260,0.2504817
0:12:26,1241,1040,0.8380339,0.8897741,791,0.7605769,3.296154,828,0.7961538,0.07258612,267,0.2567308,50,0.1872659,261,0.2509615
0:12:27,1247,1042,0.8356054,0.8898258,789,0.7571977,3.284069,829,0.7955854,0.07272697,268,0.2571977,47,0.1753731,261,0.2504798
0:12:28,1249,1045,0.8366693,0.8899956,795,0.7607656,3.289952,830,0.7942584,0.07185689,272,0.2602871,46,0.1691176,262,0.2507177
0:12:29,1255,1051,0.8374502,0.8901517,798,0.7592769,3.287345,829,0.7887726,0.07119448,269,0.2559467,45,0.1672862,269,0.2559467
0:12:30,1255,1053,0.8390438,0.8900794,795,0.7549857,3.291548,830,0.7882241,0.07212238,264,0.2507122,44,0.1666667,269,0.2554606
0:12:31,1254,1055,0.8413078,0.8904601,804,0.7620853,3.299526,833,0.7895734,0.07227854,275,0.2606635,48,0.1745455,262,0.2483412
0:12:32,1266,1056,0.8341232,0.8895763,796,0.7537879,3.239583,837,0.7926136,0.07401787,271,0.2566288,46,0.1697417,263,0.249053
0:12:33,1270,1063,0.8370079,0.8899436,805,0.7572907,3.235183,845,0.79492,0.07495682,269,0.2530574,48,0.1784387,268,0.2521167
0:12:34,1270,1065,0.8385827,0.8904318,814,0.7643192,3.235681,845,0.7934272,0.07451066,281,0.2638498,51,0.1814947,262,0.2460094
0:12:35,1272,1069,0.8404088,0.8906854,819,0.7661366,3.228251,847,0.7923293,0.07370991,288,0.2694107,54,0.1875,261,0.2441534
0:12:36,1278,1073,0.8395931,0.8906541,822,0.7660764,3.234856,850,0.7921715,0.07438223,288,0.2684063,56,0.1944444,266,0.2479031
0:12:37,1285,1080,0.8404669,0.8910092,821,0.7601852,3.228704,855,0.7916667,0.07454175,280,0.2592593,50,0.1785714,274,0.2537037
0:12:38,1292,1088,0.8421053,0.8913724,829,0.7619485,3.220588,859,0.7895221,0.07367298,277,0.2545956,48,0.1732852,282,0.2591912
0:12:39,1287,1081,0.8399379,0.891719,826,0.7641073,3.225717,853,0.7890842,0.07403017,282,0.2608696,48,0.1702128,275,0.2543941
0:12:40,1290,1084,0.8403101,0.8924572,828,0.7638376,3.255535,856,0.7896679,0.0747393,285,0.2629151,49,0.1719298,275,0.25369
0:12:41,1296,1086,0.837963,0.8919984,827,0.7615101,3.253223,860,0.7918969,0.07550082,278,0.2559853,48,0.1726619,282,0.2596685
0:12:42,1290,1080,0.8372093,0.8923544,827,0.7657408,3.250926,856,0.7925926,0.07613902,282,0.2611111,49,0.1737589,279,0.2583333
0:12:43,1292,1081,0.8366873,0.8930439,831,0.7687327,3.27012,855,0.7909343,0.07564434,286,0.2645698,54,0.1888112,280,0.2590194
0:12:44,1295,1081,0.834749,0.8933801,835,0.7724329,3.282146,859,0.7946346,0.07677838,290,0.2682701,53,0.1827586,281,0.2599445
0:12:45,1296,1078,0.8317901,0.8934345,833,0.7727273,3.296846,858,0.7959183,0.07677455,283,0.2625232,53,0.1872791,284,0.2634508
0:12:46,1297,1082,0.8342329,0.8936578,838,0.7744917,3.278188,858,0.792976,0.07643672,283,0.2615527,54,0.1908127,290,0.2680222
0:12:47,1296,1078,0.8317901,0.8939209,837,0.7764378,3.279221,852,0.7903525,0.07619417,281,0.2606679,55,0.1957295,287,0.2662338
0:12:48,1295,1083,0.8362935,0.8942456,842,0.77747,3.287165,853,0.787627,0.07578775,290,0.2677747,61,0.2103448,279,0.2576177
0:12:49,1295,1080,0.8339768,0.8943645,835,0.7731481,3.271296,854,0.7907407,0.07741418,286,0.2648148,61,0.2132867,280,0.2592593
0:12:50,1288,1074,0.8338509,0.8947804,834,0.7765363,3.274674,847,0.7886406,0.07730991,288,0.2681564,62,0.2152778,276,0.2569833
0:12:51,1291,1075,0.8326879,0.8948166,838,0.7795349,3.283721,849,0.7897674,0.07856993,289,0.2688372,62,0.2145329,274,0.2548837
0:12:52,1297,1076,0.8296068,0.8945798,838,0.7788104,3.270446,851,0.7908922,0.07899125,280,0.2602231,63,0.225,280,0.2602231
0:12:53,1295,1079,0.8332046,0.8951858,849,0.7868397,3.311399,853,0.7905468,0.07839791,288,0.2669138,64,0.2222222,277,0.2567192
0:12:54,1288,1077,0.8361802,0.8950827,849,0.7883008,3.297122,848,0.7873724,0.07753713,293,0.272052,67,0.2286689,271,0.2516249
0:12:55,1296,1085,0.8371913,0.894868,853,0.7861751,3.294009,855,0.7880184,0.07720577,290,0.2672811,65,0.2241379,279,0.2571429
0:12:56,1299,1088,0.8375674,0.8951392,856,0.7867647,3.313419,858,0.7886029,0.07701929,288,0.2647059,68,0.2361111,280,0.2573529
0:12:57,1312,1096,0.8353658,0.8947885,856,0.7810219,3.307482,868,0.7919708,0.07768961,280,0.2554744,70,0.25,284,0.2591241
0:12:58,1312,1087,0.8285061,0.8942589,853,0.7847286,3.275069,859,0.7902484,0.07676009,283,0.2603496,69,0.2438163,280,0.2575897
0:12:59,1320,1092,0.8272727,0.8944164,855,0.782967,3.272894,865,0.7921246,0.07700767,284,0.2600733,71,0.25,284,0.2600733
0:13:00,1321,1091,0.8258895,0.8945156,855,0.7836847,3.263978,863,0.7910174,0.07601791,282,0.2584785,70,0.248227,286,0.2621448
0:13:01,1321,1093,0.8274035,0.8948382,862,0.7886551,3.26624,863,0.78957,0.07634,295,0.2698994,72,0.2440678,278,0.2543458
0:13:02,1327,1105,0.8327054,0.894909,865,0.7828054,3.267873,869,0.7864254,0.07576457,294,0.2660634,70,0.2380952,280,0.2533937
0:13:03,1326,1108,0.8355958,0.8956122,871,0.7861011,3.284296,872,0.7870036,0.07585145,294,0.265343,70,0.2380952,284,0.2563177
0:13:04,1338,1124,0.8400598,0.894965,877,0.7802491,3.259786,882,0.7846975,0.07556432,286,0.2544484,65,0.2272727,293,0.2606761
0:13:05,1344,1132,0.8422619,0.8950474,884,0.7809187,3.269435,890,0.7862191,0.07565641,287,0.2535336,63,0.2195122,296,0.2614841
